CREATE DATABASE  IF NOT EXISTS `speech` /*!40100 DEFAULT CHARACTER SET utf8 */;
USE `speech`;
-- MySQL dump 10.13  Distrib 5.6.13, for Win32 (x86)
--
-- Host: 127.0.0.1    Database: speech
-- ------------------------------------------------------
-- Server version	5.6.15

/*!40101 SET @OLD_CHARACTER_SET_CLIENT=@@CHARACTER_SET_CLIENT */;
/*!40101 SET @OLD_CHARACTER_SET_RESULTS=@@CHARACTER_SET_RESULTS */;
/*!40101 SET @OLD_COLLATION_CONNECTION=@@COLLATION_CONNECTION */;
/*!40101 SET NAMES utf8 */;
/*!40103 SET @OLD_TIME_ZONE=@@TIME_ZONE */;
/*!40103 SET TIME_ZONE='+00:00' */;
/*!40014 SET @OLD_UNIQUE_CHECKS=@@UNIQUE_CHECKS, UNIQUE_CHECKS=0 */;
/*!40014 SET @OLD_FOREIGN_KEY_CHECKS=@@FOREIGN_KEY_CHECKS, FOREIGN_KEY_CHECKS=0 */;
/*!40101 SET @OLD_SQL_MODE=@@SQL_MODE, SQL_MODE='NO_AUTO_VALUE_ON_ZERO' */;
/*!40111 SET @OLD_SQL_NOTES=@@SQL_NOTES, SQL_NOTES=0 */;

--
-- Table structure for table `contest`
--

DROP TABLE IF EXISTS `contest`;
/*!40101 SET @saved_cs_client     = @@character_set_client */;
/*!40101 SET character_set_client = utf8 */;
CREATE TABLE `contest` (
  `idcontest` int(11) NOT NULL AUTO_INCREMENT,
  `name` varchar(145) DEFAULT NULL,
  `active` bit(1) DEFAULT b'1',
  PRIMARY KEY (`idcontest`),
  UNIQUE KEY `ukcontestname` (`name`)
) ENGINE=InnoDB AUTO_INCREMENT=15 DEFAULT CHARSET=utf8;
/*!40101 SET character_set_client = @saved_cs_client */;

--
-- Dumping data for table `contest`
--

LOCK TABLES `contest` WRITE;
/*!40000 ALTER TABLE `contest` DISABLE KEYS */;
INSERT INTO `contest` VALUES (1,'2014 MCS Speech Contest','\0'),(3,'2014 Inter-School Speech Contest','\0'),(14,'2015 MCS 演講比賽','');
/*!40000 ALTER TABLE `contest` ENABLE KEYS */;
UNLOCK TABLES;

--
-- Table structure for table `contest_group`
--

DROP TABLE IF EXISTS `contest_group`;
/*!40101 SET @saved_cs_client     = @@character_set_client */;
/*!40101 SET character_set_client = utf8 */;
CREATE TABLE `contest_group` (
  `idcontest_group` int(11) NOT NULL AUTO_INCREMENT,
  `idcontest` int(11) DEFAULT NULL,
  `idlocation` int(11) DEFAULT NULL,
  `idtime_limit_rule` int(11) DEFAULT NULL,
  `name` varchar(45) DEFAULT NULL,
  `idscore_rule` int(11) DEFAULT NULL,
  `idscore_counting_type` int(11) DEFAULT NULL,
  PRIMARY KEY (`idcontest_group`),
  UNIQUE KEY `ukcontestgroup_idcontest_name` (`idcontest`,`name`),
  KEY `fkcontest_idx` (`idcontest`),
  KEY `fk_idx` (`idlocation`),
  KEY `fkcontestgroup_idx` (`idtime_limit_rule`),
  KEY `fkcontestgroup_idx1` (`idscore_rule`),
  KEY `fkcontestgroup_idx2` (`idscore_counting_type`),
  CONSTRAINT `fkcontestgroupcontest` FOREIGN KEY (`idcontest`) REFERENCES `contest` (`idcontest`) ON DELETE NO ACTION ON UPDATE NO ACTION,
  CONSTRAINT `fkcontestgrouplocation` FOREIGN KEY (`idlocation`) REFERENCES `contest_location` (`idcontest_location`) ON DELETE NO ACTION ON UPDATE NO ACTION,
  CONSTRAINT `fkcontestgroupscorecountingtype` FOREIGN KEY (`idscore_counting_type`) REFERENCES `score_counting_type` (`idscore_counting_type`) ON DELETE NO ACTION ON UPDATE NO ACTION,
  CONSTRAINT `fkcontestgroupscorerule` FOREIGN KEY (`idscore_rule`) REFERENCES `score_rule` (`idscore_rule`) ON DELETE NO ACTION ON UPDATE NO ACTION,
  CONSTRAINT `fkcontestgrouptimelimitrule` FOREIGN KEY (`idtime_limit_rule`) REFERENCES `time_limit_rule` (`idtime_limit_rule`) ON DELETE NO ACTION ON UPDATE NO ACTION
) ENGINE=InnoDB AUTO_INCREMENT=128 DEFAULT CHARSET=utf8;
/*!40101 SET character_set_client = @saved_cs_client */;

--
-- Dumping data for table `contest_group`
--

LOCK TABLES `contest_group` WRITE;
/*!40000 ALTER TABLE `contest_group` DISABLE KEYS */;
INSERT INTO `contest_group` VALUES (14,3,4,1,'Group 1',1,2),(15,3,3,1,'Group 2',1,1),(16,3,4,1,'Group 3',1,2),(17,3,4,2,'Group 4',1,2),(18,3,3,2,'Group 5',1,2),(19,3,3,2,'Group 6',1,2),(20,3,3,2,'Group 7',2,2),(21,3,3,2,'Group 8',2,2),(22,3,3,3,'Group 9',3,2),(23,3,4,4,'Group 10',3,2),(24,3,4,4,'Group 11',3,2),(116,14,5,1,'演講 - 第一組',1,2),(117,14,5,1,'演講 - 表演組',1,2),(118,14,5,1,'演講 - 第三組',1,2),(119,14,5,2,'演講 - 第四組',1,2),(120,14,5,2,'演講 - 第五組',1,2),(121,14,5,2,'演講 - 第六組',1,2),(122,14,32,3,'朗讀 - 第九組',3,2),(123,14,32,1,'演講 - 第二組',1,2),(124,14,32,4,'朗讀 - 第十組',3,2),(125,14,32,4,'朗讀 - 第十一組',3,2),(126,14,5,2,'看圖說故事 - 第七組',2,2),(127,14,5,2,'看圖說故事 - 第八組',2,2);
/*!40000 ALTER TABLE `contest_group` ENABLE KEYS */;
UNLOCK TABLES;

--
-- Table structure for table `contest_location`
--

DROP TABLE IF EXISTS `contest_location`;
/*!40101 SET @saved_cs_client     = @@character_set_client */;
/*!40101 SET character_set_client = utf8 */;
CREATE TABLE `contest_location` (
  `idcontest_location` int(11) NOT NULL AUTO_INCREMENT,
  `name` varchar(45) DEFAULT NULL,
  PRIMARY KEY (`idcontest_location`),
  UNIQUE KEY `ukcontestlocation_name` (`name`)
) ENGINE=InnoDB AUTO_INCREMENT=33 DEFAULT CHARSET=utf8;
/*!40101 SET character_set_client = @saved_cs_client */;

--
-- Dumping data for table `contest_location`
--

LOCK TABLES `contest_location` WRITE;
/*!40000 ALTER TABLE `contest_location` DISABLE KEYS */;
INSERT INTO `contest_location` VALUES (3,'Auditorium'),(4,'North Cafe'),(32,'pre-CFL/CFLII 教室'),(2,'Room 2423/2425'),(1,'Science Lecture Hall'),(5,'八年級/高年級教室');
/*!40000 ALTER TABLE `contest_location` ENABLE KEYS */;
UNLOCK TABLES;

--
-- Table structure for table `contestor`
--

DROP TABLE IF EXISTS `contestor`;
/*!40101 SET @saved_cs_client     = @@character_set_client */;
/*!40101 SET character_set_client = utf8 */;
CREATE TABLE `contestor` (
  `idcontestor` int(11) NOT NULL AUTO_INCREMENT,
  `idcontest_group` int(11) DEFAULT NULL,
  `speech_title` varchar(225) DEFAULT NULL,
  `contest_order` int(11) DEFAULT NULL,
  PRIMARY KEY (`idcontestor`),
  KEY `fkcontestorcontestgroup_idx` (`idcontest_group`),
  KEY `indcontestorspeechtitle` (`speech_title`),
  KEY `indcontestororder` (`contest_order`),
  CONSTRAINT `fkcontestorcontestgroup` FOREIGN KEY (`idcontest_group`) REFERENCES `contest_group` (`idcontest_group`) ON DELETE NO ACTION ON UPDATE NO ACTION
) ENGINE=InnoDB AUTO_INCREMENT=404 DEFAULT CHARSET=utf8;
/*!40101 SET character_set_client = @saved_cs_client */;

--
-- Dumping data for table `contestor`
--

LOCK TABLES `contestor` WRITE;
/*!40000 ALTER TABLE `contestor` DISABLE KEYS */;
INSERT INTO `contestor` VALUES (94,14,'小紅帽',1),(95,14,'我的家人',2),(96,14,'滑雪',3),(97,14,'好笑的鴨子',4),(98,14,'我是外公的英文老師',5),(99,14,'我最怕是甚麼',6),(100,15,'我的妹妹',1),(101,15,'我的弟弟',2),(102,15,'家庭新成員',3),(103,15,'節儉',4),(104,15,'我的最愛',5),(105,15,'種太陽',6),(106,15,'我要飛去台灣',7),(107,15,'媽媽告訴我',8),(117,16,'時間和速度',1),(118,16,'樂高積木在我家',2),(119,16,'減肥記',3),(120,16,'妹妹台灣行的後遺症',4),(121,16,'我最佩服的發明家',5),(122,16,'愚笨與聰明',6),(123,16,'我被抓到了',7),(124,16,'滑雪',8),(125,17,'華盛頓DC 遊記',1),(126,17,'中國是詩的國度',2),(127,17,'一個朋友的忠告',3),(128,17,'走進星星的世界',4),(129,17,'永不放棄',5),(130,17,'美麗的山',6),(131,17,'我是足球好小子',7),(132,17,'學鋼琴',8),(133,17,'順口溜',9),(134,17,'臨危不亂',10),(135,18,'漁夫和烏龜',1),(136,18,'夢想的工作',2),(137,18,'有事没事',3),(138,19,'生日派對',1),(139,19,'唐詩: 回鄉偶書, 憫農詩',2),(140,20,'看圖說故事',1),(141,20,'看圖說故事',2),(142,20,'看圖說故事',3),(143,20,'看圖說故事',4),(144,20,'看圖說故事',5),(145,20,'看圖說故事',6),(146,21,'看圖說故事',1),(147,21,'看圖說故事',2),(148,21,'看圖說故事',3),(149,21,'看圖說故事',4),(150,21,'看圖說故事',5),(151,22,'聽雨點兒說話',1),(152,22,'一角兩角三角形',2),(153,22,'小樹葉會說話',3),(154,22,'烏鴉喝水',4),(155,22,'藍藍的天',5),(156,22,'聽雨點兒說話',6),(157,22,'我喜歡回鄉下',7),(158,22,'兩首童謠 (小星星，朋友歌)',8),(159,22,'兩首童謠 (小星星，朋友歌)',9),(160,22,'四季',10),(161,22,'兩首童謠 (小星星，朋友歌)',11),(162,22,'兩首童謠 (小星星，朋友歌)',12),(163,22,'荷花',13),(164,22,'祝福你',14),(165,22,'夏天誰最紅',15),(166,22,'我的小狗',16),(167,22,'靜夜思',17),(168,22,'荷花歌',18),(169,23,'十二生肖',1),(170,23,'我的媽媽',2),(171,23,'你知道',3),(172,23,'數星星的孩子',4),(173,23,'風和太陽',5),(174,23,'兩首童謠 (小星星，朋友歌)',6),(175,23,'牛回家了',7),(176,23,'天上的白雲',8),(177,23,'兩首童謠 (小星星，朋友歌)',9),(178,23,'兩首童謠 (小星星，朋友歌)',10),(179,23,'春神的禮物',11),(180,23,'兩首童謠 (小星星，朋友歌)',12),(181,23,'我',13),(182,23,'兩首童謠 (小星星，朋友歌)',14),(183,23,'小豆豆眼睛大',15),(184,24,'最大的誡命',1),(185,24,'偶然',2),(320,116,'自我介紹',4),(321,116,'我的家',5),(322,116,'中秋節',8),(323,116,'我的哥哥、姊姊和妹妹',1),(324,116,'春夏秋冬',10),(325,116,'說笑話',3),(326,116,'小青蛙的故事',2),(327,116,'我愛朋友',9),(328,116,'TBD',7),(329,116,'我最喜歡去的地方',6),(330,116,'恐龍',11),(331,117,'唐詩朗誦',1),(332,123,'小貓釣魚',4),(333,123,'動物園',2),(334,123,'爸爸的雷聲',7),(335,123,'聖誕假期',1),(336,123,'我的爸爸愛ＤＯＲＡ',12),(337,123,'大自然的春夏秋冬',5),(338,123,'我和飛機',3),(339,123,'如果我有一百萬',6),(340,123,'三心二意',8),(341,123,'台灣遊',10),(342,123,'到底有沒有聖誕老公公',14),(343,123,'難忘的暑假',16),(344,123,'小貓釣魚',11),(345,123,'司馬光砸缸救朋友',9),(346,123,'唐詩兩首（春曉，登鶴雀樓）',15),(347,123,'今天我當家',13),(348,118,'喬治亞水族館',6),(349,118,'露營',2),(350,118,'我最喜歡的一部電影',5),(351,118,'說笑話',4),(352,118,'一二三到台灣',9),(353,118,'我可以養兔子嗎',8),(354,118,'阿里山上看日出',7),(355,118,'鹿與獅子',10),(356,118,'回台灣過年',3),(357,118,'打棒球',1),(358,119,'搶救海獅',5),(359,119,'我最愛的棒球',1),(360,119,'東西飲食差異',3),(361,119,'小龍女',6),(362,119,'哇 ! 我的媽呀 !',4),(363,119,'愛迪生的故事',2),(364,120,'遊黃石公園',2),(365,120,'阿里山五大景點',7),(366,120,'訪台灣之夢',5),(367,120,'我的哥哥',6),(368,120,'驢子的故事',1),(369,120,'我愛馬鈴薯',3),(370,120,'一部影片的感想',4),(371,121,'難忘的生日',2),(372,121,'漫長的等待',1),(373,126,'看圖說故事',1),(374,126,'看圖說故事',2),(375,126,'看圖說故事',3),(376,126,'看圖說故事',4),(377,126,'看圖說故事',5),(378,126,'看圖說故事',6),(379,126,'看圖說故事',7),(380,127,'看圖說故事',1),(381,127,'看圖說故事',2),(382,127,'看圖說故事',3),(383,122,'山',11),(384,122,'小石頭',4),(385,122,'泥娃娃',5),(386,122,'做功課',6),(387,122,'風鈴',10),(388,122,'童年',2),(389,122,'好朋友',7),(390,122,'泥娃娃',8),(391,122,'我的身體',12),(392,122,'我和我的家人',3),(393,122,'我的朋友在哪裡&十個好朋友',9),(394,122,'唐詩(春曉，登鶴雀樓）',1),(395,124,'什麼最大',1),(396,124,'如果我是一隻小鳥',5),(397,124,'泥娃娃',4),(398,124,'誠信',3),(399,124,'我的朋友在哪裡&十個好朋友',2),(400,124,'荷花',6),(401,125,'幸福的臉',1);
/*!40000 ALTER TABLE `contestor` ENABLE KEYS */;
UNLOCK TABLES;

--
-- Table structure for table `contestor_individual`
--

DROP TABLE IF EXISTS `contestor_individual`;
/*!40101 SET @saved_cs_client     = @@character_set_client */;
/*!40101 SET character_set_client = utf8 */;
CREATE TABLE `contestor_individual` (
  `idcontestor_individual` int(11) NOT NULL AUTO_INCREMENT,
  `idcontestor` int(11) DEFAULT NULL,
  `idstudent` int(11) DEFAULT NULL,
  PRIMARY KEY (`idcontestor_individual`),
  UNIQUE KEY `ukcontestorindividualcontestorstudent` (`idcontestor`,`idstudent`),
  KEY `fkcontestorindividualcontestor_idx` (`idcontestor`),
  KEY `fkcontestorindividualstudent_idx` (`idstudent`),
  CONSTRAINT `fkcontestorindividualcontestor` FOREIGN KEY (`idcontestor`) REFERENCES `contestor` (`idcontestor`) ON DELETE NO ACTION ON UPDATE NO ACTION,
  CONSTRAINT `fkcontestorindividualstudent` FOREIGN KEY (`idstudent`) REFERENCES `student` (`idstudent`) ON DELETE NO ACTION ON UPDATE NO ACTION
) ENGINE=InnoDB AUTO_INCREMENT=477 DEFAULT CHARSET=utf8;
/*!40101 SET character_set_client = @saved_cs_client */;

--
-- Dumping data for table `contestor_individual`
--

LOCK TABLES `contestor_individual` WRITE;
/*!40000 ALTER TABLE `contestor_individual` DISABLE KEYS */;
INSERT INTO `contestor_individual` VALUES (110,94,105),(111,95,106),(112,96,107),(113,97,43),(211,98,40),(114,99,38),(115,100,8),(116,101,108),(117,102,47),(118,103,109),(119,104,110),(120,105,111),(121,106,46),(122,107,112),(123,117,113),(124,118,114),(125,119,115),(126,120,52),(127,121,57),(128,122,55),(129,123,117),(130,124,118),(131,125,67),(132,126,119),(134,127,120),(136,128,60),(137,129,135),(138,130,121),(139,131,125),(140,132,75),(141,133,126),(142,134,122),(143,135,136),(144,136,79),(145,137,124),(146,138,130),(147,139,101),(148,140,157),(149,140,158),(150,141,159),(151,141,160),(153,142,58),(154,142,61),(152,142,63),(156,143,74),(157,143,76),(155,143,80),(158,144,164),(159,144,165),(160,144,166),(161,145,167),(162,145,168),(164,146,84),(165,146,85),(163,146,90),(166,147,161),(167,147,162),(168,147,163),(171,148,78),(170,148,82),(169,148,83),(172,149,169),(173,149,170),(174,150,171),(175,150,172),(176,151,147),(177,152,131),(178,153,137),(179,154,138),(180,155,23),(181,156,139),(182,157,16),(183,158,148),(184,159,149),(185,160,22),(186,161,150),(187,162,151),(188,163,19),(189,164,132),(190,165,140),(191,166,141),(192,167,133),(193,168,134),(194,169,29),(195,170,26),(196,171,142),(197,172,28),(198,173,27),(199,174,152),(200,175,143),(201,176,144),(202,177,153),(203,178,154),(204,179,15),(205,180,155),(206,181,145),(207,182,156),(208,183,146),(209,184,173),(210,185,174),(375,320,208),(376,321,32),(377,322,209),(378,323,210),(379,324,213),(380,325,30),(381,326,93),(382,327,92),(383,328,212),(384,329,35),(385,330,42),(386,331,101),(387,332,33),(388,333,34),(389,334,36),(390,335,37),(391,336,38),(392,337,40),(393,338,41),(394,339,43),(395,340,44),(396,341,49),(397,342,46),(398,343,47),(399,344,48),(400,345,50),(401,346,214),(402,347,8),(403,348,13),(404,349,10),(405,350,11),(406,351,7),(407,352,12),(408,353,55),(409,354,56),(410,355,100),(411,356,58),(412,357,9),(413,358,57),(414,359,63),(415,360,65),(416,361,52),(417,362,60),(418,363,71),(419,364,74),(420,365,76),(421,366,80),(422,367,81),(423,368,69),(424,369,88),(425,370,67),(426,371,82),(427,372,79),(430,373,69),(429,373,71),(428,373,72),(431,374,67),(432,374,70),(435,375,76),(434,375,78),(433,375,82),(437,376,57),(436,376,204),(439,377,58),(440,377,61),(438,377,63),(442,378,52),(443,378,53),(441,378,65),(445,379,55),(446,379,56),(444,379,100),(449,380,75),(447,380,77),(448,380,79),(451,381,74),(450,381,80),(452,381,83),(454,382,84),(455,382,85),(453,382,90),(456,383,18),(457,384,103),(458,385,19),(459,386,22),(460,387,23),(461,388,193),(462,389,194),(463,390,195),(464,391,196),(465,392,39),(466,393,198),(467,394,199),(468,395,26),(469,396,27),(470,397,215),(471,398,61),(472,399,216),(473,400,217),(474,401,219);
/*!40000 ALTER TABLE `contestor_individual` ENABLE KEYS */;
UNLOCK TABLES;

--
-- Table structure for table `contestor_score`
--

DROP TABLE IF EXISTS `contestor_score`;
/*!40101 SET @saved_cs_client     = @@character_set_client */;
/*!40101 SET character_set_client = utf8 */;
CREATE TABLE `contestor_score` (
  `idcontestor_score` int(11) NOT NULL AUTO_INCREMENT,
  `idcontestor` int(11) DEFAULT NULL,
  `idjudge` int(11) DEFAULT NULL,
  PRIMARY KEY (`idcontestor_score`),
  UNIQUE KEY `ukcontestorscorecontestorjudge` (`idcontestor`,`idjudge`),
  KEY `fkcontestorscoreconstor_idx` (`idcontestor`),
  KEY `fkcontestorscorejudgegroup_idx` (`idjudge`),
  CONSTRAINT `fkcontestorscoreconstor` FOREIGN KEY (`idcontestor`) REFERENCES `contestor` (`idcontestor`) ON DELETE NO ACTION ON UPDATE NO ACTION,
  CONSTRAINT `fkcontestorscorejudgegroup` FOREIGN KEY (`idjudge`) REFERENCES `judge` (`idjudge`) ON DELETE NO ACTION ON UPDATE NO ACTION
) ENGINE=InnoDB AUTO_INCREMENT=115752 DEFAULT CHARSET=utf8;
/*!40101 SET character_set_client = @saved_cs_client */;

--
-- Dumping data for table `contestor_score`
--

LOCK TABLES `contestor_score` WRITE;
/*!40000 ALTER TABLE `contestor_score` DISABLE KEYS */;
INSERT INTO `contestor_score` VALUES (7362,94,147),(9577,94,148),(9656,94,149),(9662,94,150),(61728,94,152),(61034,94,153),(9558,94,154),(9571,94,298),(7363,95,147),(9578,95,148),(9657,95,149),(9663,95,150),(61729,95,152),(61035,95,153),(9559,95,154),(9572,95,298),(7364,96,147),(9579,96,148),(9658,96,149),(9664,96,150),(61730,96,152),(61036,96,153),(9560,96,154),(9573,96,298),(7365,97,147),(9580,97,148),(9659,97,149),(9665,97,150),(61731,97,152),(61037,97,153),(9561,97,154),(9574,97,298),(7366,98,147),(9581,98,148),(9660,98,149),(9666,98,150),(61732,98,152),(61038,98,153),(9562,98,154),(9575,98,298),(7367,99,147),(9582,99,148),(9661,99,149),(9667,99,150),(61733,99,152),(61039,99,153),(9563,99,154),(9576,99,298),(3833,100,216),(4033,100,217),(4233,100,218),(3777,100,219),(4633,100,220),(4849,100,221),(5049,100,222),(5249,100,223),(7546,100,224),(3834,101,216),(4034,101,217),(4234,101,218),(3778,101,219),(4634,101,220),(4850,101,221),(5050,101,222),(5250,101,223),(7547,101,224),(3835,102,216),(4035,102,217),(4235,102,218),(3779,102,219),(4635,102,220),(4851,102,221),(5051,102,222),(5251,102,223),(7548,102,224),(3836,103,216),(4036,103,217),(4236,103,218),(3780,103,219),(4636,103,220),(4852,103,221),(5052,103,222),(5252,103,223),(7549,103,224),(3837,104,216),(4037,104,217),(4237,104,218),(3781,104,219),(4637,104,220),(4853,104,221),(5053,104,222),(5253,104,223),(7550,104,224),(3838,105,216),(4038,105,217),(4238,105,218),(3782,105,219),(4638,105,220),(4854,105,221),(5054,105,222),(5254,105,223),(7551,105,224),(3839,106,216),(4039,106,217),(4239,106,218),(3783,106,219),(4639,106,220),(4855,106,221),(5055,106,222),(5255,106,223),(7552,106,224),(3840,107,216),(4040,107,217),(4240,107,218),(3784,107,219),(4640,107,220),(4856,107,221),(5056,107,222),(5256,107,223),(7553,107,224),(7487,117,156),(61292,117,157),(11121,117,158),(11871,117,163),(7488,118,156),(61293,118,157),(11122,118,158),(11872,118,163),(7489,119,156),(61294,119,157),(11123,119,158),(11873,119,163),(7490,120,156),(61295,120,157),(11124,120,158),(11874,120,163),(7491,121,156),(61296,121,157),(11125,121,158),(11875,121,163),(7492,122,156),(61297,122,157),(11126,122,158),(11876,122,163),(7493,123,156),(61298,123,157),(11127,123,158),(11877,123,163),(7494,124,156),(61299,124,157),(11128,124,158),(11878,124,163),(5547,125,171),(5257,125,172),(5827,125,173),(6107,125,174),(6387,125,175),(6667,125,176),(6957,125,177),(7247,125,178),(5548,126,171),(5258,126,172),(5828,126,173),(6108,126,174),(6388,126,175),(6668,126,176),(6958,126,177),(7248,126,178),(5549,127,171),(5259,127,172),(5829,127,173),(6109,127,174),(6389,127,175),(6669,127,176),(6959,127,177),(7249,127,178),(5550,128,171),(5260,128,172),(5830,128,173),(6110,128,174),(6390,128,175),(6670,128,176),(6960,128,177),(7250,128,178),(5551,129,171),(5261,129,172),(5831,129,173),(6111,129,174),(6391,129,175),(6671,129,176),(6961,129,177),(7251,129,178),(5552,130,171),(5262,130,172),(5832,130,173),(6112,130,174),(6392,130,175),(6672,130,176),(6962,130,177),(7252,130,178),(5553,131,171),(5263,131,172),(5833,131,173),(6113,131,174),(6393,131,175),(6673,131,176),(6963,131,177),(7253,131,178),(5554,132,171),(5264,132,172),(5834,132,173),(6114,132,174),(6394,132,175),(6674,132,176),(6964,132,177),(7254,132,178),(5555,133,171),(5265,133,172),(5835,133,173),(6115,133,174),(6395,133,175),(6675,133,176),(6965,133,177),(7255,133,178),(5556,134,171),(5266,134,172),(5836,134,173),(6116,134,174),(6396,134,175),(6676,134,176),(6966,134,177),(7256,134,178),(7279,135,240),(61274,135,241),(62631,135,244),(44022,135,245),(72084,135,247),(9532,135,248),(7280,136,240),(61275,136,241),(62632,136,244),(44023,136,245),(72085,136,247),(9533,136,248),(7281,137,240),(61276,137,241),(62633,137,244),(44024,137,245),(72086,137,247),(9534,137,248),(7282,138,225),(10658,138,226),(62563,138,229),(44033,138,230),(9530,138,233),(7283,139,225),(10659,139,226),(62564,139,229),(44034,139,230),(9531,139,233),(7265,140,255),(10678,140,256),(12323,140,257),(12431,140,258),(12665,140,259),(10822,140,260),(12845,140,261),(13175,140,262),(11007,140,263),(7266,141,255),(10679,141,256),(12324,141,257),(12432,141,258),(12666,141,259),(10823,141,260),(12846,141,261),(13176,141,262),(11008,141,263),(7267,142,255),(10680,142,256),(12325,142,257),(12433,142,258),(12667,142,259),(10824,142,260),(12847,142,261),(13177,142,262),(11009,142,263),(7268,143,255),(10681,143,256),(12326,143,257),(12434,143,258),(12668,143,259),(10825,143,260),(12848,143,261),(13178,143,262),(11010,143,263),(7269,144,255),(10682,144,256),(12327,144,257),(12435,144,258),(12669,144,259),(10826,144,260),(12849,144,261),(13179,144,262),(11011,144,263),(7270,145,255),(10683,145,256),(12328,145,257),(12436,145,258),(12670,145,259),(10827,145,260),(12850,145,261),(13180,145,262),(11012,145,263),(10610,146,271),(10828,146,275),(64132,146,276),(9535,146,278),(10611,147,271),(10829,147,275),(64133,147,276),(9536,147,278),(10612,148,271),(10830,148,275),(64134,148,276),(9537,148,278),(10613,149,271),(10831,149,275),(64135,149,276),(9538,149,278),(10614,150,271),(10832,150,275),(64136,150,276),(9539,150,278),(10615,151,286),(61997,151,289),(44069,151,290),(9540,151,293),(10616,152,286),(61998,152,289),(44070,152,290),(9541,152,293),(10617,153,286),(61999,153,289),(44071,153,290),(9542,153,293),(10618,154,286),(62000,154,289),(44072,154,290),(9543,154,293),(10619,155,286),(62001,155,289),(44073,155,290),(9544,155,293),(10620,156,286),(62002,156,289),(44074,156,290),(9545,156,293),(10621,157,286),(62003,157,289),(44075,157,290),(9546,157,293),(10622,158,286),(62004,158,289),(44076,158,290),(9547,158,293),(10623,159,286),(62005,159,289),(44077,159,290),(9548,159,293),(10624,160,286),(62006,160,289),(44078,160,290),(9549,160,293),(10625,161,286),(62007,161,289),(44079,161,290),(9550,161,293),(10626,162,286),(62008,162,289),(44080,162,290),(9551,162,293),(10627,163,286),(62009,163,289),(44081,163,290),(9552,163,293),(10628,164,286),(62010,164,289),(44082,164,290),(9553,164,293),(10629,165,286),(62011,165,289),(44083,165,290),(9554,165,293),(10630,166,286),(62012,166,289),(44084,166,290),(9555,166,293),(10631,167,286),(62013,167,289),(44085,167,290),(9556,167,293),(10632,168,286),(62014,168,289),(44086,168,290),(9557,168,293),(7470,169,187),(11104,169,188),(10352,169,189),(50329,169,193),(7471,170,187),(11105,170,188),(10353,170,189),(50330,170,193),(7472,171,187),(11106,171,188),(10354,171,189),(50331,171,193),(7473,172,187),(11107,172,188),(10355,172,189),(50332,172,193),(7474,173,187),(11108,173,188),(10356,173,189),(50333,173,193),(7475,174,187),(11109,174,188),(10357,174,189),(50334,174,193),(7476,175,187),(11110,175,188),(10358,175,189),(50335,175,193),(7477,176,187),(11111,176,188),(10359,176,189),(50336,176,193),(7478,177,187),(11112,177,188),(10360,177,189),(50337,177,193),(7479,178,187),(11113,178,188),(10361,178,189),(50338,178,193),(7480,179,187),(11114,179,188),(10362,179,189),(50339,179,193),(7481,180,187),(11115,180,188),(10363,180,189),(50340,180,193),(7482,181,187),(11116,181,188),(10364,181,189),(50341,181,193),(7483,182,187),(11117,182,188),(10365,182,189),(50342,182,193),(7484,183,187),(11118,183,188),(10366,183,189),(50343,183,193),(7485,184,202),(11119,184,203),(50364,184,208),(7486,185,202),(11120,185,203),(50365,185,208),(90423,320,966),(90234,320,969),(90511,320,972),(90424,321,966),(90235,321,969),(90512,321,972),(90425,322,966),(90236,322,969),(90513,322,972),(90426,323,966),(90237,323,969),(90514,323,972),(90427,324,966),(90238,324,969),(90515,324,972),(90428,325,966),(90239,325,969),(90516,325,972),(90429,326,966),(90240,326,969),(90517,326,972),(90430,327,966),(90241,327,969),(90518,327,972),(90431,328,966),(90242,328,969),(90519,328,972),(90432,329,966),(90243,329,969),(90520,329,972),(90433,330,966),(90244,330,969),(90521,330,972),(90508,331,974),(90293,331,977),(90592,331,980),(114600,332,1021),(90358,332,1025),(114601,333,1021),(90359,333,1025),(114602,334,1021),(90360,334,1025),(114603,335,1021),(90361,335,1025),(114604,336,1021),(90362,336,1025),(114605,337,1021),(90363,337,1025),(114606,338,1021),(90364,338,1025),(114607,339,1021),(90365,339,1025),(114608,340,1021),(90366,340,1025),(114609,341,1021),(90367,341,1025),(114610,342,1021),(90368,342,1025),(114611,343,1021),(90369,343,1025),(114612,344,1021),(90370,344,1025),(114613,345,1021),(90371,345,1025),(114614,346,1021),(90372,346,1025),(114615,347,1021),(90373,347,1025),(90467,348,982),(90256,348,985),(90555,348,988),(90468,349,982),(90257,349,985),(90556,349,988),(90469,350,982),(90258,350,985),(90557,350,988),(90470,351,982),(90259,351,985),(90558,351,988),(90471,352,982),(90260,352,985),(90559,352,988),(90472,353,982),(90261,353,985),(90560,353,988),(90473,354,982),(90262,354,985),(90561,354,988),(90474,355,982),(90263,355,985),(90562,355,988),(90475,356,982),(90264,356,985),(90563,356,988),(90476,357,982),(90265,357,985),(90564,357,988),(90502,358,990),(90287,358,993),(90586,358,996),(90503,359,990),(90288,359,993),(90587,359,996),(90504,360,990),(90289,360,993),(90588,360,996),(90505,361,990),(90290,361,993),(90589,361,996),(90506,362,990),(90291,362,993),(90590,362,996),(90507,363,990),(90292,363,993),(90591,363,996),(90477,364,998),(90276,364,1001),(90575,364,1004),(90478,365,998),(90277,365,1001),(90576,365,1004),(90479,366,998),(90278,366,1001),(90577,366,1004),(90480,367,998),(90279,367,1001),(90578,367,1004),(90481,368,998),(90280,368,1001),(90579,368,1004),(90482,369,998),(90281,369,1001),(90580,369,1004),(90483,370,998),(90282,370,1001),(90581,370,1004),(90498,371,1006),(90283,371,1009),(90582,371,1012),(90499,372,1006),(90284,372,1009),(90583,372,1012),(94190,373,1045),(90930,373,1046),(90601,373,1047),(91644,373,1048),(90406,373,1049),(90295,373,1050),(90594,373,1051),(91938,373,1052),(94191,374,1045),(90931,374,1046),(90602,374,1047),(91645,374,1048),(90407,374,1049),(90296,374,1050),(90595,374,1051),(91939,374,1052),(94192,375,1045),(90932,375,1046),(90603,375,1047),(91646,375,1048),(90408,375,1049),(90297,375,1050),(90596,375,1051),(91940,375,1052),(94193,376,1045),(90933,376,1046),(90604,376,1047),(91647,376,1048),(90409,376,1049),(90298,376,1050),(90597,376,1051),(91941,376,1052),(94194,377,1045),(90934,377,1046),(90605,377,1047),(91648,377,1048),(90410,377,1049),(90299,377,1050),(90598,377,1051),(91942,377,1052),(94195,378,1045),(90935,378,1046),(90606,378,1047),(91649,378,1048),(90411,378,1049),(90300,378,1050),(90599,378,1051),(91943,378,1052),(94196,379,1045),(90936,379,1046),(90607,379,1047),(91650,379,1048),(90412,379,1049),(90301,379,1050),(90600,379,1051),(91944,379,1052),(91798,380,1053),(111236,380,1054),(92954,380,1055),(91059,380,1056),(90420,380,1057),(90804,380,1058),(90302,380,1059),(92539,380,1060),(91799,381,1053),(111237,381,1054),(92955,381,1055),(91060,381,1056),(90421,381,1057),(90805,381,1058),(90303,381,1059),(92540,381,1060),(91800,382,1053),(111238,382,1054),(92956,382,1055),(91061,382,1056),(90422,382,1057),(90806,382,1058),(90304,382,1059),(92541,382,1060),(90308,383,1017),(90309,384,1017),(90310,385,1017),(90311,386,1017),(90312,387,1017),(90313,388,1017),(90314,389,1017),(90315,390,1017),(90316,391,1017),(90317,392,1017),(90318,393,1017),(90319,394,1017),(90346,395,1033),(90347,396,1033),(90348,397,1033),(90349,398,1033),(90350,399,1033),(90351,400,1033),(90344,401,1041);
/*!40000 ALTER TABLE `contestor_score` ENABLE KEYS */;
UNLOCK TABLES;

--
-- Table structure for table `grad_year`
--

DROP TABLE IF EXISTS `grad_year`;
/*!40101 SET @saved_cs_client     = @@character_set_client */;
/*!40101 SET character_set_client = utf8 */;
CREATE TABLE `grad_year` (
  `idgrad_year` int(11) NOT NULL AUTO_INCREMENT,
  `name` varchar(45) DEFAULT NULL,
  PRIMARY KEY (`idgrad_year`),
  UNIQUE KEY `ukgradyearname` (`name`)
) ENGINE=InnoDB AUTO_INCREMENT=37 DEFAULT CHARSET=utf8;
/*!40101 SET character_set_client = @saved_cs_client */;

--
-- Dumping data for table `grad_year`
--

LOCK TABLES `grad_year` WRITE;
/*!40000 ALTER TABLE `grad_year` DISABLE KEYS */;
INSERT INTO `grad_year` VALUES (1,'2004'),(2,'2005'),(3,'2007'),(4,'2008'),(5,'2009'),(6,'2010'),(7,'2011'),(8,'2012'),(9,'2013'),(10,'CFL1'),(11,'CFL2'),(36,'南密'),(33,'安娜堡'),(34,'宣道會'),(35,'底特律華語組');
/*!40000 ALTER TABLE `grad_year` ENABLE KEYS */;
UNLOCK TABLES;

--
-- Table structure for table `judge`
--

DROP TABLE IF EXISTS `judge`;
/*!40101 SET @saved_cs_client     = @@character_set_client */;
/*!40101 SET character_set_client = utf8 */;
CREATE TABLE `judge` (
  `idjudge` int(11) NOT NULL AUTO_INCREMENT,
  `idcontest_group` int(11) DEFAULT NULL,
  `idstaff` int(11) DEFAULT NULL,
  `idrole` int(11) DEFAULT NULL,
  `is_submit` int(11) DEFAULT '0',
  PRIMARY KEY (`idjudge`),
  UNIQUE KEY `ukjudgecontestgroupstaffrole` (`idcontest_group`,`idstaff`,`idrole`),
  KEY `fkjudgegroupcontestgroup_idx` (`idcontest_group`),
  KEY `fkjudgegroupstaff_idx` (`idstaff`),
  KEY `fkjudgegrouprole_idx` (`idrole`),
  CONSTRAINT `fkjudgecontestgroup` FOREIGN KEY (`idcontest_group`) REFERENCES `contest_group` (`idcontest_group`) ON DELETE NO ACTION ON UPDATE NO ACTION,
  CONSTRAINT `fkjudgerole` FOREIGN KEY (`idrole`) REFERENCES `role` (`idrole`) ON DELETE NO ACTION ON UPDATE NO ACTION,
  CONSTRAINT `fkjudgestaff` FOREIGN KEY (`idstaff`) REFERENCES `staff` (`idstaff`) ON DELETE NO ACTION ON UPDATE NO ACTION
) ENGINE=InnoDB AUTO_INCREMENT=1061 DEFAULT CHARSET=utf8;
/*!40101 SET character_set_client = @saved_cs_client */;

--
-- Dumping data for table `judge`
--

LOCK TABLES `judge` WRITE;
/*!40000 ALTER TABLE `judge` DISABLE KEYS */;
INSERT INTO `judge` VALUES (147,14,10,4,0),(148,14,5,1,1),(149,14,56,1,0),(150,14,58,1,0),(151,14,59,1,0),(152,14,36,1,0),(153,14,6,1,0),(154,14,8,1,0),(155,14,51,2,0),(156,16,10,4,0),(157,16,5,1,0),(158,16,70,1,1),(159,16,44,1,0),(160,16,45,1,0),(161,16,46,1,0),(162,16,49,1,0),(163,16,50,1,0),(164,16,51,2,0),(171,17,5,1,0),(172,17,10,4,0),(173,17,43,1,0),(174,17,44,1,0),(175,17,45,1,0),(176,17,46,1,0),(177,17,49,1,0),(178,17,50,1,0),(179,17,51,2,0),(186,23,5,1,0),(187,23,10,4,0),(188,23,43,1,0),(189,23,44,1,0),(190,23,45,1,0),(191,23,46,1,0),(192,23,49,1,0),(193,23,50,1,0),(194,23,51,2,0),(201,24,5,1,0),(202,24,10,4,0),(203,24,43,1,0),(204,24,44,1,0),(205,24,45,1,0),(206,24,46,1,0),(207,24,49,1,0),(208,24,50,1,0),(209,24,51,2,0),(216,15,7,4,1),(217,15,4,1,0),(218,15,39,1,0),(219,15,40,1,0),(220,15,41,1,0),(221,15,42,1,1),(222,15,47,1,0),(223,15,1,1,0),(224,15,54,2,0),(225,19,4,1,0),(226,19,7,4,0),(227,19,39,1,0),(228,19,40,1,0),(229,19,41,1,0),(230,19,42,1,1),(231,19,47,1,0),(232,19,48,1,0),(233,19,54,2,0),(240,18,4,1,0),(241,18,7,4,0),(242,18,39,1,0),(243,18,40,1,0),(244,18,41,1,0),(245,18,42,1,1),(246,18,47,1,0),(247,18,48,1,0),(248,18,54,2,0),(255,20,37,1,1),(256,20,7,4,0),(257,20,33,1,0),(258,20,66,1,0),(259,20,68,1,0),(260,20,67,1,1),(261,20,47,1,0),(262,20,17,1,0),(263,20,54,2,0),(270,21,4,1,0),(271,21,7,4,0),(272,21,39,1,0),(273,21,40,1,0),(274,21,36,1,0),(275,21,62,1,1),(276,21,63,1,0),(277,21,64,1,0),(278,21,54,2,0),(285,22,4,1,0),(286,22,7,4,0),(287,22,39,1,0),(288,22,40,1,0),(289,22,41,1,1),(290,22,42,1,0),(291,22,47,1,0),(292,22,48,1,0),(293,22,54,2,0),(298,14,54,2,0),(965,116,10,4,0),(966,116,3,1,0),(967,116,78,1,0),(968,116,79,1,0),(969,116,35,1,0),(970,116,33,1,0),(971,116,34,1,0),(972,116,59,2,0),(973,117,10,4,0),(974,117,3,1,0),(975,117,78,1,0),(976,117,79,1,0),(977,117,35,1,0),(978,117,33,1,0),(979,117,34,1,0),(980,117,59,2,0),(981,118,10,4,0),(982,118,3,1,0),(983,118,78,1,0),(984,118,79,1,0),(985,118,35,1,0),(986,118,33,1,0),(987,118,34,1,0),(988,118,59,2,0),(989,119,10,4,0),(990,119,3,1,0),(991,119,78,1,0),(992,119,79,1,0),(993,119,35,1,0),(994,119,33,1,0),(995,119,34,1,0),(996,119,59,2,0),(997,120,10,4,0),(998,120,3,1,0),(999,120,78,1,0),(1000,120,79,1,0),(1001,120,35,1,0),(1002,120,33,1,0),(1003,120,34,1,0),(1004,120,59,2,0),(1005,121,10,4,0),(1006,121,3,1,0),(1007,121,78,1,0),(1008,121,79,1,0),(1009,121,35,1,0),(1010,121,33,1,0),(1011,121,34,1,0),(1012,121,59,2,0),(1013,122,11,4,0),(1014,122,5,1,0),(1015,122,73,1,0),(1016,122,8,1,0),(1017,122,7,1,0),(1018,122,6,1,0),(1019,122,2,1,0),(1020,122,75,2,0),(1021,123,11,4,0),(1022,123,5,1,0),(1023,123,73,1,0),(1024,123,8,1,0),(1025,123,7,1,0),(1026,123,6,1,0),(1027,123,2,1,0),(1028,123,75,2,0),(1029,124,11,4,0),(1030,124,5,1,0),(1031,124,73,1,0),(1032,124,8,1,0),(1033,124,7,1,0),(1034,124,6,1,0),(1035,124,2,1,0),(1036,124,75,2,0),(1037,125,11,4,0),(1038,125,5,1,0),(1039,125,73,1,0),(1040,125,8,1,0),(1041,125,7,1,0),(1042,125,6,1,0),(1043,125,2,1,0),(1044,125,75,2,0),(1045,126,11,4,1),(1046,126,2,1,1),(1047,126,36,1,1),(1048,126,61,1,1),(1049,126,7,1,1),(1050,126,71,1,1),(1051,126,72,1,1),(1052,126,75,2,1),(1053,127,10,4,1),(1054,127,2,1,1),(1055,127,73,1,1),(1056,127,17,1,1),(1057,127,64,1,1),(1058,127,9,1,1),(1059,127,71,1,1),(1060,127,75,2,1);
/*!40000 ALTER TABLE `judge` ENABLE KEYS */;
UNLOCK TABLES;

--
-- Table structure for table `role`
--

DROP TABLE IF EXISTS `role`;
/*!40101 SET @saved_cs_client     = @@character_set_client */;
/*!40101 SET character_set_client = utf8 */;
CREATE TABLE `role` (
  `idrole` int(11) NOT NULL AUTO_INCREMENT,
  `name` varchar(45) DEFAULT NULL,
  PRIMARY KEY (`idrole`)
) ENGINE=InnoDB AUTO_INCREMENT=5 DEFAULT CHARSET=utf8;
/*!40101 SET character_set_client = @saved_cs_client */;

--
-- Dumping data for table `role`
--

LOCK TABLES `role` WRITE;
/*!40000 ALTER TABLE `role` DISABLE KEYS */;
INSERT INTO `role` VALUES (1,'演講評分'),(2,'計時'),(3,'主持人'),(4,'裁判長');
/*!40000 ALTER TABLE `role` ENABLE KEYS */;
UNLOCK TABLES;

--
-- Table structure for table `score_counting_type`
--

DROP TABLE IF EXISTS `score_counting_type`;
/*!40101 SET @saved_cs_client     = @@character_set_client */;
/*!40101 SET character_set_client = utf8 */;
CREATE TABLE `score_counting_type` (
  `idscore_counting_type` int(11) NOT NULL AUTO_INCREMENT,
  `name` varchar(45) DEFAULT NULL,
  PRIMARY KEY (`idscore_counting_type`)
) ENGINE=InnoDB AUTO_INCREMENT=3 DEFAULT CHARSET=utf8;
/*!40101 SET character_set_client = @saved_cs_client */;

--
-- Dumping data for table `score_counting_type`
--

LOCK TABLES `score_counting_type` WRITE;
/*!40000 ALTER TABLE `score_counting_type` DISABLE KEYS */;
INSERT INTO `score_counting_type` VALUES (1,'通通都要'),(2,'去頭截尾');
/*!40000 ALTER TABLE `score_counting_type` ENABLE KEYS */;
UNLOCK TABLES;

--
-- Table structure for table `score_marking`
--

DROP TABLE IF EXISTS `score_marking`;
/*!40101 SET @saved_cs_client     = @@character_set_client */;
/*!40101 SET character_set_client = utf8 */;
CREATE TABLE `score_marking` (
  `idscore_marking` int(11) NOT NULL AUTO_INCREMENT,
  `idcontestor_score` int(11) DEFAULT NULL,
  `roll_call_marking` int(11) DEFAULT '0',
  `flash_light_marking` int(11) DEFAULT '0',
  `audience_helper` int(11) DEFAULT '0',
  `absence` int(11) DEFAULT '0',
  `phone_used` int(11) DEFAULT '0',
  `same_picture_used` int(11) DEFAULT '0',
  PRIMARY KEY (`idscore_marking`),
  UNIQUE KEY `ukscoremarkingcontestorscore` (`idcontestor_score`),
  KEY `fkscoremarkingcontestscore_idx` (`idcontestor_score`),
  CONSTRAINT `fkscoremarkingcontestorscore` FOREIGN KEY (`idcontestor_score`) REFERENCES `contestor_score` (`idcontestor_score`) ON DELETE NO ACTION ON UPDATE NO ACTION
) ENGINE=InnoDB AUTO_INCREMENT=17086 DEFAULT CHARSET=utf8;
/*!40101 SET character_set_client = @saved_cs_client */;

--
-- Dumping data for table `score_marking`
--

LOCK TABLES `score_marking` WRITE;
/*!40000 ALTER TABLE `score_marking` DISABLE KEYS */;
INSERT INTO `score_marking` VALUES (1459,3833,0,0,0,0,0,0),(1460,3834,0,0,0,0,0,0),(1461,3835,0,0,0,0,0,0),(1462,3836,0,0,0,0,0,0),(1463,3837,0,0,0,0,0,0),(1464,3838,0,0,0,0,0,0),(1465,3839,0,0,0,0,0,0),(1466,3840,0,0,0,0,0,0),(1467,5257,0,0,0,0,0,0),(1468,5258,0,0,0,0,0,0),(1469,5259,0,0,0,0,0,0),(1470,5260,0,0,0,0,0,0),(1471,5261,0,0,0,0,0,0),(1472,5262,0,0,0,-1,0,0),(1473,5263,0,0,0,0,0,0),(1474,5264,0,0,0,0,0,0),(1475,5265,0,0,0,0,0,0),(1476,5266,0,0,0,0,0,0),(1477,7362,0,0,-2,0,0,0),(1478,7363,-1,0,0,0,0,0),(1479,7364,0,0,0,0,0,0),(1480,7365,0,0,0,0,-2,0),(1481,7366,0,0,0,0,0,0),(1482,7367,0,-1,0,0,0,0),(1585,7470,0,0,0,0,0,-10),(1586,7471,0,0,0,0,0,0),(1587,7472,0,0,0,0,0,0),(1588,7473,0,0,0,0,0,0),(1589,7474,0,0,0,0,0,0),(1590,7475,0,0,0,0,0,0),(1591,7476,0,0,0,0,0,0),(1592,7477,0,0,0,0,0,0),(1593,7478,0,0,0,0,0,0),(1594,7479,0,0,0,0,0,0),(1595,7480,0,0,0,0,0,0),(1596,7481,0,0,0,0,0,0),(1597,7482,0,0,0,0,0,0),(1598,7483,0,0,0,0,0,0),(1599,7484,0,0,0,0,0,0),(1600,7485,0,0,0,0,0,0),(1601,7486,0,0,0,0,0,0),(1602,7487,0,0,0,0,0,0),(1603,7488,0,0,0,0,0,0),(1604,7489,0,0,0,0,0,0),(1605,7490,0,0,0,0,0,0),(1606,7491,0,0,0,0,0,0),(1607,7492,0,0,0,0,0,0),(1608,7493,0,0,0,0,0,0),(1609,7494,0,0,0,0,0,0),(2350,10610,0,0,0,0,0,0),(2351,10611,0,0,0,0,0,0),(2352,10612,0,0,0,0,0,0),(2353,10613,0,0,0,0,0,0),(2354,10614,0,0,0,0,0,0),(2355,10615,0,0,0,0,0,0),(2356,10616,0,0,0,0,0,0),(2357,10617,0,0,0,0,0,0),(2358,10618,0,0,0,0,0,0),(2359,10619,0,0,0,0,0,0),(2360,10620,0,0,0,0,0,0),(2361,10621,0,0,0,0,0,0),(2362,10622,0,0,0,0,0,0),(2363,10623,0,0,0,0,0,0),(2364,10624,0,0,0,0,0,0),(2365,10625,0,0,0,0,0,0),(2366,10626,0,0,0,0,0,0),(2367,10627,0,0,0,0,0,0),(2368,10628,0,0,0,0,0,0),(2369,10629,0,0,0,0,0,0),(2370,10630,0,0,0,0,0,0),(2371,10631,0,0,0,0,0,0),(2372,10632,0,0,0,0,0,0),(2398,10658,0,0,0,0,0,0),(2399,10659,0,0,0,0,0,0),(2418,10678,-1,-1,-2,0,-2,-10),(2419,10679,0,0,0,0,0,0),(2420,10680,0,0,0,0,0,0),(2421,10681,0,0,0,0,0,0),(2422,10682,0,0,0,-1,0,0),(2423,10683,0,-1,0,0,-2,0),(11403,61274,0,0,0,0,0,0),(11404,61275,0,0,0,0,0,0),(11405,61276,0,0,0,0,0,0),(11406,91798,0,0,0,0,0,0),(11407,91799,0,0,0,0,0,0),(11408,91800,0,0,0,0,0,0),(11631,94190,0,0,0,0,0,0),(11632,94191,0,0,0,0,0,0),(11633,94192,0,0,0,0,0,0),(11634,94193,0,0,0,0,0,0),(11635,94194,0,0,0,0,0,0),(11636,94195,0,0,0,0,0,0),(11637,94196,0,0,0,0,0,0),(15934,114600,0,0,0,0,0,0),(15935,114601,0,0,0,0,0,0),(15936,114602,0,0,0,0,0,0),(15937,114603,0,0,0,0,0,0),(15938,114604,0,0,0,0,0,0),(15939,114605,0,0,0,0,0,0),(15940,114606,0,0,0,0,0,0),(15941,114607,0,0,0,0,0,0),(15942,114608,0,0,0,0,0,0),(15943,114609,0,0,0,0,0,0),(15944,114610,0,0,0,0,0,0),(15945,114611,0,0,0,0,0,0),(15946,114612,0,0,0,0,0,0),(15947,114613,0,0,0,0,0,0),(15948,114614,0,0,0,-1,0,0),(15949,114615,0,0,0,0,0,0);
/*!40000 ALTER TABLE `score_marking` ENABLE KEYS */;
UNLOCK TABLES;

--
-- Table structure for table `score_rule`
--

DROP TABLE IF EXISTS `score_rule`;
/*!40101 SET @saved_cs_client     = @@character_set_client */;
/*!40101 SET character_set_client = utf8 */;
CREATE TABLE `score_rule` (
  `idscore_rule` int(11) NOT NULL AUTO_INCREMENT,
  `name` varchar(45) DEFAULT NULL,
  PRIMARY KEY (`idscore_rule`)
) ENGINE=InnoDB AUTO_INCREMENT=4 DEFAULT CHARSET=utf8;
/*!40101 SET character_set_client = @saved_cs_client */;

--
-- Dumping data for table `score_rule`
--

LOCK TABLES `score_rule` WRITE;
/*!40000 ALTER TABLE `score_rule` DISABLE KEYS */;
INSERT INTO `score_rule` VALUES (1,'演講比賽'),(2,'看圖說故事比賽'),(3,'朗讀比賽(CFL)');
/*!40000 ALTER TABLE `score_rule` ENABLE KEYS */;
UNLOCK TABLES;

--
-- Table structure for table `score_rule_item`
--

DROP TABLE IF EXISTS `score_rule_item`;
/*!40101 SET @saved_cs_client     = @@character_set_client */;
/*!40101 SET character_set_client = utf8 */;
CREATE TABLE `score_rule_item` (
  `idscore_rule_item` int(11) NOT NULL AUTO_INCREMENT,
  `idscore_rule` int(11) DEFAULT NULL,
  `name` varchar(45) DEFAULT NULL,
  `weight` int(11) DEFAULT NULL,
  `priority` int(11) DEFAULT NULL,
  PRIMARY KEY (`idscore_rule_item`),
  UNIQUE KEY `ukscoreruleitemscorerulename` (`idscore_rule`,`name`),
  UNIQUE KEY `ukscoreruleitemscorerulepriority` (`priority`,`idscore_rule`),
  KEY `fkscoreruleitemscorerule_idx` (`idscore_rule`),
  CONSTRAINT `fkscoreruleitemscorerule` FOREIGN KEY (`idscore_rule`) REFERENCES `score_rule` (`idscore_rule`) ON DELETE NO ACTION ON UPDATE NO ACTION
) ENGINE=InnoDB AUTO_INCREMENT=10 DEFAULT CHARSET=utf8;
/*!40101 SET character_set_client = @saved_cs_client */;

--
-- Dumping data for table `score_rule_item`
--

LOCK TABLES `score_rule_item` WRITE;
/*!40000 ALTER TABLE `score_rule_item` DISABLE KEYS */;
INSERT INTO `score_rule_item` VALUES (1,1,'內容與流利',35,2),(2,1,'咬字, 發音',35,1),(3,1,'表情,肢體動作,聲音控制',30,3),(4,2,'故事內容的合理性與一貫性',40,1),(5,2,'流暢,咬字與發音',30,2),(6,2,'表情,動作與感情',30,3),(7,3,'流利,音調',35,1),(8,3,'咬字與發音',45,2),(9,3,'內容,表情,動作與感情',20,3);
/*!40000 ALTER TABLE `score_rule_item` ENABLE KEYS */;
UNLOCK TABLES;

--
-- Table structure for table `speech_score`
--

DROP TABLE IF EXISTS `speech_score`;
/*!40101 SET @saved_cs_client     = @@character_set_client */;
/*!40101 SET character_set_client = utf8 */;
CREATE TABLE `speech_score` (
  `idspeech_score` int(11) NOT NULL AUTO_INCREMENT,
  `idcontestor_score` int(11) DEFAULT NULL,
  `score` int(11) DEFAULT '0',
  `idscore_rule_item` int(11) DEFAULT NULL,
  PRIMARY KEY (`idspeech_score`),
  UNIQUE KEY `ukspeechscorecontestprscorescoreruleitem` (`idcontestor_score`,`idscore_rule_item`),
  KEY `fkspeechscorecontestscore_idx` (`idcontestor_score`),
  KEY `fkspeechscorescoreruleitem_idx` (`idscore_rule_item`),
  CONSTRAINT `fkspeechscorecontestorscore` FOREIGN KEY (`idcontestor_score`) REFERENCES `contestor_score` (`idcontestor_score`) ON DELETE NO ACTION ON UPDATE NO ACTION,
  CONSTRAINT `fkspeechscorescoreruleitem` FOREIGN KEY (`idscore_rule_item`) REFERENCES `score_rule_item` (`idscore_rule_item`) ON DELETE NO ACTION ON UPDATE NO ACTION
) ENGINE=InnoDB AUTO_INCREMENT=318764 DEFAULT CHARSET=utf8;
/*!40101 SET character_set_client = @saved_cs_client */;

--
-- Dumping data for table `speech_score`
--

LOCK TABLES `speech_score` WRITE;
/*!40000 ALTER TABLE `speech_score` DISABLE KEYS */;
INSERT INTO `speech_score` VALUES (6272,3777,94,1),(6273,3777,95,2),(6274,3777,95,3),(6275,3778,94,1),(6276,3778,94,2),(6277,3778,93,3),(6278,3779,94,1),(6279,3779,95,2),(6280,3779,96,3),(6281,3780,95,1),(6282,3780,94,2),(6283,3780,95,3),(6284,3781,92,1),(6285,3781,92,2),(6286,3781,93,3),(6287,3782,91,1),(6288,3782,90,2),(6289,3782,90,3),(6290,3783,93,1),(6291,3783,95,2),(6292,3783,95,3),(6293,3784,96,1),(6294,3784,97,2),(6295,3784,95,3),(6440,3833,92,1),(6441,3833,90,2),(6442,3833,95,3),(6443,3834,92,1),(6444,3834,92,2),(6445,3834,92,3),(6446,3835,92,1),(6447,3835,92,2),(6448,3835,95,3),(6449,3836,95,1),(6450,3836,90,2),(6451,3836,92,3),(6452,3837,90,1),(6453,3837,88,2),(6454,3837,92,3),(6455,3838,86,1),(6456,3838,85,2),(6457,3838,88,3),(6458,3839,90,1),(6459,3839,94,2),(6460,3839,95,3),(6461,3840,92,1),(6462,3840,96,2),(6463,3840,95,3),(7040,4033,98,1),(7041,4033,96,2),(7042,4033,98,3),(7043,4034,96,1),(7044,4034,96,2),(7045,4034,96,3),(7046,4035,98,1),(7047,4035,97,2),(7048,4035,98,3),(7049,4036,97,1),(7050,4036,97,2),(7051,4036,97,3),(7052,4037,95,1),(7053,4037,96,2),(7054,4037,95,3),(7055,4038,92,1),(7056,4038,94,2),(7057,4038,92,3),(7058,4039,97,1),(7059,4039,98,2),(7060,4039,98,3),(7061,4040,99,1),(7062,4040,99,2),(7063,4040,99,3),(7640,4233,94,1),(7641,4233,94,2),(7642,4233,94,3),(7643,4234,95,1),(7644,4234,94,2),(7645,4234,93,3),(7646,4235,92,1),(7647,4235,91,2),(7648,4235,90,3),(7649,4236,95,1),(7650,4236,94,2),(7651,4236,93,3),(7652,4237,93,1),(7653,4237,90,2),(7654,4237,91,3),(7655,4238,85,1),(7656,4238,85,2),(7657,4238,86,3),(7658,4239,93,1),(7659,4239,93,2),(7660,4239,92,3),(7661,4240,95,1),(7662,4240,95,2),(7663,4240,96,3),(8840,4633,95,1),(8841,4633,95,2),(8842,4633,95,3),(8843,4634,92,1),(8844,4634,93,2),(8845,4634,93,3),(8846,4635,95,1),(8847,4635,95,2),(8848,4635,95,3),(8849,4636,96,1),(8850,4636,94,2),(8851,4636,95,3),(8852,4637,94,1),(8853,4637,93,2),(8854,4637,95,3),(8855,4638,92,1),(8856,4638,91,2),(8857,4638,91,3),(8858,4639,97,1),(8859,4639,97,2),(8860,4639,98,3),(8861,4640,96,1),(8862,4640,98,2),(8863,4640,97,3),(9488,4849,94,1),(9489,4849,81,2),(9490,4849,91,3),(9491,4850,88,1),(9492,4850,89,2),(9493,4850,88,3),(9494,4851,93,1),(9495,4851,92,2),(9496,4851,90,3),(9497,4852,92,1),(9498,4852,92,2),(9499,4852,91,3),(9500,4853,91,1),(9501,4853,91,2),(9502,4853,90,3),(9503,4854,88,1),(9504,4854,86,2),(9505,4854,86,3),(9506,4855,92,1),(9507,4855,93,2),(9508,4855,93,3),(9509,4856,93,1),(9510,4856,93,2),(9511,4856,93,3),(10088,5049,92,1),(10089,5049,92,2),(10090,5049,93,3),(10091,5050,87,1),(10092,5050,88,2),(10093,5050,89,3),(10094,5051,93,1),(10095,5051,94,2),(10096,5051,95,3),(10097,5052,94,1),(10098,5052,93,2),(10099,5052,92,3),(10100,5053,85,1),(10101,5053,85,2),(10102,5053,86,3),(10103,5054,82,1),(10104,5054,83,2),(10105,5054,82,3),(10106,5055,93,1),(10107,5055,92,2),(10108,5055,94,3),(10109,5056,95,1),(10110,5056,95,2),(10111,5056,96,3),(10688,5249,90,1),(10689,5249,90,2),(10690,5249,90,3),(10691,5250,89,1),(10692,5250,90,2),(10693,5250,89,3),(10694,5251,91,1),(10695,5251,95,2),(10696,5251,90,3),(10697,5252,91,1),(10698,5252,90,2),(10699,5252,90,3),(10700,5253,90,1),(10701,5253,89,2),(10702,5253,90,3),(10703,5254,88,1),(10704,5254,89,2),(10705,5254,88,3),(10706,5255,90,1),(10707,5255,91,2),(10708,5255,95,3),(10709,5256,92,1),(10710,5256,95,2),(10711,5256,92,3),(10712,5257,94,1),(10713,5257,92,2),(10714,5257,95,3),(10715,5258,92,1),(10716,5258,91,2),(10717,5258,92,3),(10718,5259,95,1),(10719,5259,97,2),(10720,5259,96,3),(10721,5260,96,1),(10722,5260,97,2),(10723,5260,96,3),(10724,5261,95,1),(10725,5261,95,2),(10726,5261,94,3),(10727,5262,0,1),(10728,5262,0,2),(10729,5262,0,3),(10730,5263,95,1),(10731,5263,96,2),(10732,5263,93,3),(10733,5264,92,1),(10734,5264,92,2),(10735,5264,94,3),(10736,5265,96,1),(10737,5265,96,2),(10738,5265,97,3),(10739,5266,95,1),(10740,5266,97,2),(10741,5266,97,3),(11582,5547,93,1),(11583,5547,94,2),(11584,5547,93,3),(11585,5548,92,1),(11586,5548,94,2),(11587,5548,92,3),(11588,5549,96,1),(11589,5549,94,2),(11590,5549,95,3),(11591,5550,94,1),(11592,5550,95,2),(11593,5550,94,3),(11594,5551,94,1),(11595,5551,93,2),(11596,5551,92,3),(11597,5552,0,1),(11598,5552,0,2),(11599,5552,0,3),(11600,5553,92,1),(11601,5553,93,2),(11602,5553,92,3),(11603,5554,93,1),(11604,5554,94,2),(11605,5554,92,3),(11606,5555,93,1),(11607,5555,94,2),(11608,5555,95,3),(11609,5556,94,1),(11610,5556,95,2),(11611,5556,96,3),(12422,5827,96,1),(12423,5827,96,2),(12424,5827,97,3),(12425,5828,94,1),(12426,5828,93,2),(12427,5828,93,3),(12428,5829,97,1),(12429,5829,97,2),(12430,5829,96,3),(12431,5830,94,1),(12432,5830,94,2),(12433,5830,92,3),(12434,5831,92,1),(12435,5831,92,2),(12436,5831,92,3),(12437,5832,0,1),(12438,5832,0,2),(12439,5832,0,3),(12440,5833,94,1),(12441,5833,94,2),(12442,5833,92,3),(12443,5834,94,1),(12444,5834,94,2),(12445,5834,92,3),(12446,5835,97,1),(12447,5835,96,2),(12448,5835,96,3),(12449,5836,92,1),(12450,5836,94,2),(12451,5836,94,3),(13262,6107,93,1),(13263,6107,93,2),(13264,6107,93,3),(13265,6108,95,1),(13266,6108,92,2),(13267,6108,94,3),(13268,6109,94,1),(13269,6109,94,2),(13270,6109,93,3),(13271,6110,95,1),(13272,6110,95,2),(13273,6110,94,3),(13274,6111,94,1),(13275,6111,94,2),(13276,6111,93,3),(13277,6112,0,1),(13278,6112,0,2),(13279,6112,0,3),(13280,6113,96,1),(13281,6113,94,2),(13282,6113,94,3),(13283,6114,93,1),(13284,6114,92,2),(13285,6114,93,3),(13286,6115,97,1),(13287,6115,97,2),(13288,6115,96,3),(13289,6116,94,1),(13290,6116,93,2),(13291,6116,94,3),(14102,6387,94,1),(14103,6387,95,2),(14104,6387,95,3),(14105,6388,95,1),(14106,6388,94,2),(14107,6388,94,3),(14108,6389,96,1),(14109,6389,96,2),(14110,6389,95,3),(14111,6390,94,1),(14112,6390,95,2),(14113,6390,94,3),(14114,6391,94,1),(14115,6391,95,2),(14116,6391,93,3),(14117,6392,0,1),(14118,6392,0,2),(14119,6392,0,3),(14120,6393,94,1),(14121,6393,94,2),(14122,6393,94,3),(14123,6394,95,1),(14124,6394,95,2),(14125,6394,94,3),(14126,6395,97,1),(14127,6395,97,2),(14128,6395,96,3),(14129,6396,97,1),(14130,6396,96,2),(14131,6396,95,3),(14942,6667,95,1),(14943,6667,96,2),(14944,6667,95,3),(14945,6668,95,1),(14946,6668,95,2),(14947,6668,95,3),(14948,6669,95,1),(14949,6669,96,2),(14950,6669,96,3),(14951,6670,95,1),(14952,6670,96,2),(14953,6670,97,3),(14954,6671,94,1),(14955,6671,96,2),(14956,6671,95,3),(14957,6672,0,1),(14958,6672,0,2),(14959,6672,0,3),(14960,6673,95,1),(14961,6673,96,2),(14962,6673,97,3),(14963,6674,95,1),(14964,6674,96,2),(14965,6674,96,3),(14966,6675,96,1),(14967,6675,97,2),(14968,6675,97,3),(14969,6676,96,1),(14970,6676,97,2),(14971,6676,97,3),(15812,6957,98,1),(15813,6957,98,2),(15814,6957,98,3),(15815,6958,96,1),(15816,6958,95,2),(15817,6958,97,3),(15818,6959,97,1),(15819,6959,98,2),(15820,6959,98,3),(15821,6960,98,1),(15822,6960,99,2),(15823,6960,99,3),(15824,6961,98,1),(15825,6961,98,2),(15826,6961,98,3),(15827,6962,0,1),(15828,6962,0,2),(15829,6962,0,3),(15830,6963,95,1),(15831,6963,97,2),(15832,6963,95,3),(15833,6964,94,1),(15834,6964,95,2),(15835,6964,95,3),(15836,6965,99,1),(15837,6965,98,2),(15838,6965,99,3),(15839,6966,97,1),(15840,6966,99,2),(15841,6966,99,3),(16682,7247,95,1),(16683,7247,96,2),(16684,7247,95,3),(16685,7248,96,1),(16686,7248,95,2),(16687,7248,96,3),(16688,7249,98,1),(16689,7249,95,2),(16690,7249,98,3),(16691,7250,95,1),(16692,7250,95,2),(16693,7250,96,3),(16694,7251,95,1),(16695,7251,94,2),(16696,7251,94,3),(16697,7252,0,1),(16698,7252,0,2),(16699,7252,0,3),(16700,7253,98,1),(16701,7253,97,2),(16702,7253,98,3),(16703,7254,95,1),(16704,7254,94,2),(16705,7254,94,3),(16706,7255,97,1),(16707,7255,98,2),(16708,7255,99,3),(16709,7256,96,1),(16710,7256,94,2),(16711,7256,99,3),(16736,7265,88,4),(16737,7265,92,5),(16738,7265,88,6),(16739,7266,80,4),(16740,7266,85,5),(16741,7266,85,6),(16742,7267,83,4),(16743,7267,87,5),(16744,7267,93,6),(16745,7268,0,4),(16746,7268,0,5),(16747,7268,0,6),(16748,7269,0,4),(16749,7269,0,5),(16750,7269,0,6),(16751,7270,90,4),(16752,7270,92,5),(16753,7270,93,6),(16778,7279,0,1),(16779,7279,0,2),(16780,7279,0,3),(16781,7280,0,1),(16782,7280,0,2),(16783,7280,0,3),(16784,7281,0,1),(16785,7281,0,2),(16786,7281,0,3),(16787,7282,0,1),(16788,7282,0,2),(16789,7282,0,3),(16790,7283,0,1),(16791,7283,0,2),(16792,7283,0,3),(17027,7362,88,1),(17028,7362,92,2),(17029,7362,91,3),(17030,7363,95,1),(17031,7363,86,2),(17032,7363,92,3),(17033,7364,83,1),(17034,7364,0,2),(17035,7364,0,3),(17036,7365,90,1),(17037,7365,87,2),(17038,7365,92,3),(17039,7366,93,1),(17040,7366,95,2),(17041,7366,85,3),(17042,7367,95,1),(17043,7367,90,2),(17044,7367,97,3),(17351,7470,80,9),(17352,7470,89,8),(17353,7470,100,7),(17354,7471,99,9),(17355,7471,100,8),(17356,7471,100,7),(17357,7472,100,9),(17358,7472,100,8),(17359,7472,99,7),(17360,7473,0,9),(17361,7473,0,8),(17362,7473,0,7),(17363,7474,0,9),(17364,7474,0,8),(17365,7474,0,7),(17366,7475,0,9),(17367,7475,0,8),(17368,7475,0,7),(17369,7476,80,9),(17370,7476,80,8),(17371,7476,80,7),(17372,7477,0,9),(17373,7477,0,8),(17374,7477,0,7),(17375,7478,0,9),(17376,7478,0,8),(17377,7478,0,7),(17378,7479,82,9),(17379,7479,99,8),(17380,7479,84,7),(17381,7480,82,9),(17382,7480,99,8),(17383,7480,84,7),(17384,7481,0,9),(17385,7481,0,8),(17386,7481,0,7),(17387,7482,0,9),(17388,7482,0,8),(17389,7482,0,7),(17390,7483,0,9),(17391,7483,0,8),(17392,7483,0,7),(17393,7484,0,9),(17394,7484,0,8),(17395,7484,0,7),(17396,7485,0,9),(17397,7485,0,8),(17398,7485,0,7),(17399,7486,0,9),(17400,7486,0,8),(17401,7486,0,7),(17402,7487,0,1),(17403,7487,0,2),(17404,7487,0,3),(17405,7488,0,1),(17406,7488,0,2),(17407,7488,0,3),(17408,7489,0,1),(17409,7489,0,2),(17410,7489,0,3),(17411,7490,0,1),(17412,7490,0,2),(17413,7490,0,3),(17414,7491,0,1),(17415,7491,0,2),(17416,7491,0,3),(17417,7492,0,1),(17418,7492,0,2),(17419,7492,0,3),(17420,7493,0,1),(17421,7493,0,2),(17422,7493,0,3),(17423,7494,0,1),(17424,7494,0,2),(17425,7494,0,3),(18998,9558,90,1),(18999,9558,90,2),(19000,9558,93,3),(19001,9559,87,1),(19002,9559,85,2),(19003,9559,83,3),(19004,9560,0,1),(19005,9560,84,2),(19006,9560,0,3),(19007,9561,96,1),(19008,9561,94,2),(19009,9561,95,3),(19010,9562,96,1),(19011,9562,94,2),(19012,9562,95,3),(19013,9563,96,1),(19014,9563,94,2),(19015,9563,95,3),(19034,9577,92,1),(19035,9577,95,2),(19036,9577,96,3),(19037,9578,89,1),(19038,9578,90,2),(19039,9578,85,3),(19040,9579,95,1),(19041,9579,94,2),(19042,9579,96,3),(19043,9580,92,1),(19044,9580,94,2),(19045,9580,98,3),(19046,9581,92,1),(19047,9581,93,2),(19048,9581,91,3),(19049,9582,96,1),(19050,9582,93,2),(19051,9582,92,3),(19217,9656,86,1),(19218,9656,90,2),(19219,9656,90,3),(19220,9657,87,1),(19221,9657,80,2),(19222,9657,87,3),(19223,9658,90,1),(19224,9658,94,2),(19225,9658,84,3),(19226,9659,85,1),(19227,9659,80,2),(19228,9659,91,3),(19229,9660,81,1),(19230,9660,83,2),(19231,9660,91,3),(19232,9661,88,1),(19233,9661,91,2),(19234,9661,90,3),(19235,9662,90,1),(19236,9662,94,2),(19237,9662,89,3),(19238,9663,89,1),(19239,9663,84,2),(19240,9663,91,3),(19241,9664,0,1),(19242,9664,0,2),(19243,9664,0,3),(19244,9665,95,1),(19245,9665,90,2),(19246,9665,100,3),(19247,9666,91,1),(19248,9666,89,2),(19249,9666,83,3),(19250,9667,82,1),(19251,9667,86,2),(19252,9667,89,3),(21215,10352,96,9),(21216,10352,86,8),(21217,10352,83,7),(21218,10353,83,9),(21219,10353,83,8),(21220,10353,90,7),(21221,10354,100,9),(21222,10354,91,8),(21223,10354,87,7),(21224,10355,0,9),(21225,10355,0,8),(21226,10355,0,7),(21227,10356,0,9),(21228,10356,0,8),(21229,10356,0,7),(21230,10357,0,9),(21231,10357,0,8),(21232,10357,0,7),(21233,10358,0,9),(21234,10358,0,8),(21235,10358,0,7),(21236,10359,0,9),(21237,10359,0,8),(21238,10359,0,7),(21239,10360,0,9),(21240,10360,0,8),(21241,10360,0,7),(21242,10361,0,9),(21243,10361,0,8),(21244,10361,0,7),(21245,10362,0,9),(21246,10362,0,8),(21247,10362,0,7),(21248,10363,0,9),(21249,10363,0,8),(21250,10363,0,7),(21251,10364,0,9),(21252,10364,0,8),(21253,10364,0,7),(21254,10365,0,9),(21255,10365,0,8),(21256,10365,0,7),(21257,10366,0,9),(21258,10366,0,8),(21259,10366,0,7),(21977,10610,0,4),(21978,10610,0,5),(21979,10610,100,6),(21980,10611,0,4),(21981,10611,100,5),(21982,10611,0,6),(21983,10612,0,4),(21984,10612,0,5),(21985,10612,0,6),(21986,10613,0,4),(21987,10613,0,5),(21988,10613,0,6),(21989,10614,0,4),(21990,10614,0,5),(21991,10614,0,6),(21992,10615,0,9),(21993,10615,0,8),(21994,10615,0,7),(21995,10616,0,9),(21996,10616,0,8),(21997,10616,0,7),(21998,10617,0,9),(21999,10617,0,8),(22000,10617,0,7),(22001,10618,0,9),(22002,10618,0,8),(22003,10618,0,7),(22004,10619,0,9),(22005,10619,0,8),(22006,10619,0,7),(22007,10620,0,9),(22008,10620,0,8),(22009,10620,0,7),(22010,10621,0,9),(22011,10621,0,8),(22012,10621,0,7),(22013,10622,0,9),(22014,10622,0,8),(22015,10622,0,7),(22016,10623,0,9),(22017,10623,0,8),(22018,10623,0,7),(22019,10624,0,9),(22020,10624,0,8),(22021,10624,0,7),(22022,10625,0,9),(22023,10625,0,8),(22024,10625,0,7),(22025,10626,0,9),(22026,10626,0,8),(22027,10626,0,7),(22028,10627,0,9),(22029,10627,0,8),(22030,10627,0,7),(22031,10628,0,9),(22032,10628,0,8),(22033,10628,0,7),(22034,10629,0,9),(22035,10629,0,8),(22036,10629,0,7),(22037,10630,0,9),(22038,10630,0,8),(22039,10630,0,7),(22040,10631,0,9),(22041,10631,0,8),(22042,10631,0,7),(22043,10632,0,9),(22044,10632,0,8),(22045,10632,0,7),(22121,10658,0,1),(22122,10658,0,2),(22123,10658,0,3),(22124,10659,0,1),(22125,10659,0,2),(22126,10659,0,3),(22181,10678,100,4),(22182,10678,100,5),(22183,10678,100,6),(22184,10679,92,4),(22185,10679,100,5),(22186,10679,81,6),(22187,10680,83,4),(22188,10680,86,5),(22189,10680,84,6),(22190,10681,82,4),(22191,10681,89,5),(22192,10681,91,6),(22193,10682,0,4),(22194,10682,0,5),(22195,10682,0,6),(22196,10683,97,4),(22197,10683,94,5),(22198,10683,95,6),(22613,10822,81,4),(22614,10822,84,5),(22615,10822,98,6),(22616,10823,98,4),(22617,10823,84,5),(22618,10823,84,6),(22619,10824,86,4),(22620,10824,85,5),(22621,10824,84,6),(22622,10825,86,4),(22623,10825,84,5),(22624,10825,81,6),(22625,10826,87,4),(22626,10826,86,5),(22627,10826,86,6),(22628,10827,89,4),(22629,10827,82,5),(22630,10827,80,6),(22631,10828,99,4),(22632,10828,83,5),(22633,10828,80,6),(22634,10829,95,4),(22635,10829,100,5),(22636,10829,100,6),(22637,10830,100,4),(22638,10830,100,5),(22639,10830,100,6),(22640,10831,98,4),(22641,10831,98,5),(22642,10831,100,6),(22643,10832,93,4),(22644,10832,85,5),(22645,10832,88,6),(23228,11104,0,9),(23229,11104,0,8),(23230,11104,0,7),(23231,11105,0,9),(23232,11105,0,8),(23233,11105,0,7),(23234,11106,0,9),(23235,11106,0,8),(23236,11106,0,7),(23237,11107,0,9),(23238,11107,0,8),(23239,11107,0,7),(23240,11108,0,9),(23241,11108,0,8),(23242,11108,0,7),(23243,11109,0,9),(23244,11109,0,8),(23245,11109,0,7),(23246,11110,0,9),(23247,11110,0,8),(23248,11110,0,7),(23249,11111,0,9),(23250,11111,0,8),(23251,11111,0,7),(23252,11112,0,9),(23253,11112,0,8),(23254,11112,0,7),(23255,11113,0,9),(23256,11113,0,8),(23257,11113,0,7),(23258,11114,0,9),(23259,11114,0,8),(23260,11114,0,7),(23261,11115,0,9),(23262,11115,0,8),(23263,11115,0,7),(23264,11116,0,9),(23265,11116,0,8),(23266,11116,0,7),(23267,11117,0,9),(23268,11117,0,8),(23269,11117,0,7),(23270,11118,0,9),(23271,11118,0,8),(23272,11118,0,7),(23273,11119,0,9),(23274,11119,0,8),(23275,11119,0,7),(23276,11120,0,9),(23277,11120,0,8),(23278,11120,0,7),(23279,11121,83,1),(23280,11121,80,2),(23281,11121,88,3),(23282,11122,88,1),(23283,11122,90,2),(23284,11122,93,3),(23285,11123,90,1),(23286,11123,87,2),(23287,11123,94,3),(23288,11124,90,1),(23289,11124,82,2),(23290,11124,93,3),(23291,11125,89,1),(23292,11125,87,2),(23293,11125,96,3),(23294,11126,90,1),(23295,11126,90,2),(23296,11126,90,3),(23297,11127,86,1),(23298,11127,88,2),(23299,11127,92,3),(23300,11128,87,1),(23301,11128,83,2),(23302,11128,87,3),(25529,11871,0,1),(25530,11871,0,2),(25531,11871,0,3),(25532,11872,0,1),(25533,11872,0,2),(25534,11872,0,3),(25535,11873,0,1),(25536,11873,0,2),(25537,11873,0,3),(25538,11874,0,1),(25539,11874,0,2),(25540,11874,0,3),(25541,11875,0,1),(25542,11875,0,2),(25543,11875,0,3),(25544,11876,0,1),(25545,11876,0,2),(25546,11876,0,3),(25547,11877,0,1),(25548,11877,0,2),(25549,11877,0,3),(25550,11878,0,1),(25551,11878,0,2),(25552,11878,0,3),(26885,12323,0,4),(26886,12323,0,5),(26887,12323,83,6),(26888,12324,0,4),(26889,12324,0,5),(26890,12324,0,6),(26891,12325,0,4),(26892,12325,0,5),(26893,12325,0,6),(26894,12326,0,4),(26895,12326,0,5),(26896,12326,0,6),(26897,12327,0,4),(26898,12327,0,5),(26899,12327,0,6),(26900,12328,0,4),(26901,12328,0,5),(26902,12328,0,6),(27209,12431,90,4),(27210,12431,84,5),(27211,12431,82,6),(27212,12432,86,4),(27213,12432,0,5),(27214,12432,0,6),(27215,12433,89,4),(27216,12433,98,5),(27217,12433,98,6),(27218,12434,0,4),(27219,12434,0,5),(27220,12434,0,6),(27221,12435,0,4),(27222,12435,0,5),(27223,12435,0,6),(27224,12436,0,4),(27225,12436,0,5),(27226,12436,0,6),(27911,12665,0,4),(27912,12665,0,5),(27913,12665,0,6),(27914,12666,0,4),(27915,12666,0,5),(27916,12666,0,6),(27917,12667,0,4),(27918,12667,0,5),(27919,12667,0,6),(27920,12668,0,4),(27921,12668,0,5),(27922,12668,0,6),(27923,12669,0,4),(27924,12669,0,5),(27925,12669,0,6),(27926,12670,0,4),(27927,12670,0,5),(27928,12670,0,6),(28451,12845,0,4),(28452,12845,85,5),(28453,12845,0,6),(28454,12846,0,4),(28455,12846,0,5),(28456,12846,0,6),(28457,12847,0,4),(28458,12847,0,5),(28459,12847,0,6),(28460,12848,0,4),(28461,12848,0,5),(28462,12848,0,6),(28463,12849,0,4),(28464,12849,0,5),(28465,12849,0,6),(28466,12850,0,4),(28467,12850,0,5),(28468,12850,0,6),(29441,13175,93,4),(29442,13175,99,5),(29443,13175,0,6),(29444,13176,0,4),(29445,13176,92,5),(29446,13176,0,6),(29447,13177,0,4),(29448,13177,0,5),(29449,13177,0,6),(29450,13178,86,4),(29451,13178,0,5),(29452,13178,0,6),(29453,13179,96,4),(29454,13179,0,5),(29455,13179,0,6),(29456,13180,0,4),(29457,13180,0,5),(29458,13180,0,6),(121982,44022,97,1),(121983,44022,85,2),(121984,44022,85,3),(121985,44023,98,1),(121986,44023,87,2),(121987,44023,97,3),(121988,44024,87,1),(121989,44024,86,2),(121990,44024,99,3),(122015,44033,86,1),(122016,44033,85,2),(122017,44033,86,3),(122018,44034,92,1),(122019,44034,91,2),(122020,44034,99,3),(122123,44069,91,9),(122124,44069,93,8),(122125,44069,99,7),(122126,44070,0,9),(122127,44070,0,8),(122128,44070,0,7),(122129,44071,0,9),(122130,44071,0,8),(122131,44071,0,7),(122132,44072,0,9),(122133,44072,0,8),(122134,44072,0,7),(122135,44073,0,9),(122136,44073,0,8),(122137,44073,0,7),(122138,44074,0,9),(122139,44074,0,8),(122140,44074,0,7),(122141,44075,0,9),(122142,44075,0,8),(122143,44075,0,7),(122144,44076,0,9),(122145,44076,0,8),(122146,44076,0,7),(122147,44077,0,9),(122148,44077,0,8),(122149,44077,0,7),(122150,44078,0,9),(122151,44078,0,8),(122152,44078,0,7),(122153,44079,0,9),(122154,44079,0,8),(122155,44079,0,7),(122156,44080,0,9),(122157,44080,0,8),(122158,44080,0,7),(122159,44081,0,9),(122160,44081,0,8),(122161,44081,0,7),(122162,44082,0,9),(122163,44082,0,8),(122164,44082,0,7),(122165,44083,0,9),(122166,44083,0,8),(122167,44083,0,7),(122168,44084,0,9),(122169,44084,0,8),(122170,44084,0,7),(122171,44085,0,9),(122172,44085,0,8),(122173,44085,0,7),(122174,44086,0,9),(122175,44086,0,8),(122176,44086,0,7),(140903,50329,100,9),(140904,50329,100,8),(140905,50329,100,7),(140906,50330,100,9),(140907,50330,100,8),(140908,50330,100,7),(140909,50331,0,9),(140910,50331,80,8),(140911,50331,100,7),(140912,50332,0,9),(140913,50332,84,8),(140914,50332,84,7),(140915,50333,100,9),(140916,50333,100,8),(140917,50333,100,7),(140918,50334,0,9),(140919,50334,82,8),(140920,50334,0,7),(140921,50335,0,9),(140922,50335,0,8),(140923,50335,0,7),(140924,50336,0,9),(140925,50336,0,8),(140926,50336,0,7),(140927,50337,0,9),(140928,50337,0,8),(140929,50337,0,7),(140930,50338,0,9),(140931,50338,0,8),(140932,50338,0,7),(140933,50339,0,9),(140934,50339,0,8),(140935,50339,0,7),(140936,50340,0,9),(140937,50340,0,8),(140938,50340,0,7),(140939,50341,0,9),(140940,50341,0,8),(140941,50341,0,7),(140942,50342,0,9),(140943,50342,0,8),(140944,50342,0,7),(140945,50343,87,9),(140946,50343,0,8),(140947,50343,0,7),(141008,50364,0,9),(141009,50364,0,8),(141010,50364,0,7),(141011,50365,0,9),(141012,50365,0,8),(141013,50365,0,7),(173018,61034,0,1),(173019,61034,0,2),(173020,61034,0,3),(173021,61035,0,1),(173022,61035,0,2),(173023,61035,0,3),(173024,61036,0,1),(173025,61036,0,2),(173026,61036,0,3),(173027,61037,0,1),(173028,61037,0,2),(173029,61037,0,3),(173030,61038,0,1),(173031,61038,0,2),(173032,61038,0,3),(173033,61039,0,1),(173034,61039,0,2),(173035,61039,0,3),(173738,61274,0,1),(173739,61274,0,2),(173740,61274,0,3),(173741,61275,0,1),(173742,61275,0,2),(173743,61275,0,3),(173744,61276,0,1),(173745,61276,0,2),(173746,61276,0,3),(173792,61292,0,1),(173793,61292,80,2),(173794,61292,0,3),(173795,61293,0,1),(173796,61293,0,2),(173797,61293,0,3),(173798,61294,0,1),(173799,61294,0,2),(173800,61294,0,3),(173801,61295,0,1),(173802,61295,0,2),(173803,61295,0,3),(173804,61296,0,1),(173805,61296,0,2),(173806,61296,0,3),(173807,61297,0,1),(173808,61297,0,2),(173809,61297,0,3),(173810,61298,0,1),(173811,61298,0,2),(173812,61298,0,3),(173813,61299,0,1),(173814,61299,0,2),(173815,61299,0,3),(175100,61728,93,1),(175101,61728,100,2),(175102,61728,88,3),(175103,61729,0,1),(175104,61729,0,2),(175105,61729,0,3),(175106,61730,0,1),(175107,61730,0,2),(175108,61730,0,3),(175109,61731,0,1),(175110,61731,0,2),(175111,61731,0,3),(175112,61732,0,1),(175113,61732,0,2),(175114,61732,0,3),(175115,61733,0,1),(175116,61733,0,2),(175117,61733,0,3),(175904,61997,88,9),(175905,61997,88,8),(175906,61997,83,7),(175907,61998,87,9),(175908,61998,92,8),(175909,61998,89,7),(175910,61999,88,9),(175911,61999,89,8),(175912,61999,90,7),(175913,62000,89,9),(175914,62000,88,8),(175915,62000,91,7),(175916,62001,92,9),(175917,62001,91,8),(175918,62001,93,7),(175919,62002,87,9),(175920,62002,88,8),(175921,62002,86,7),(175922,62003,91,9),(175923,62003,86,8),(175924,62003,92,7),(175925,62004,90,9),(175926,62004,84,8),(175927,62004,90,7),(175928,62005,88,9),(175929,62005,93,8),(175930,62005,87,7),(175931,62006,90,9),(175932,62006,88,8),(175933,62006,89,7),(175934,62007,85,9),(175935,62007,90,8),(175936,62007,90,7),(175937,62008,85,9),(175938,62008,88,8),(175939,62008,89,7),(175940,62009,85,9),(175941,62009,86,8),(175942,62009,85,7),(175943,62010,86,9),(175944,62010,86,8),(175945,62010,86,7),(175946,62011,85,9),(175947,62011,86,8),(175948,62011,87,7),(175949,62012,89,9),(175950,62012,84,8),(175951,62012,86,7),(175952,62013,85,9),(175953,62013,88,8),(175954,62013,84,7),(175955,62014,86,9),(175956,62014,86,8),(175957,62014,87,7),(177602,62563,0,1),(177603,62563,0,2),(177604,62563,0,3),(177605,62564,0,1),(177606,62564,0,2),(177607,62564,0,3),(177806,62631,0,1),(177807,62631,0,2),(177808,62631,0,3),(177809,62632,0,1),(177810,62632,0,2),(177811,62632,0,3),(177812,62633,0,1),(177813,62633,0,2),(177814,62633,0,3),(182309,64132,90,4),(182310,64132,95,5),(182311,64132,89,6),(182312,64133,86,4),(182313,64133,86,5),(182314,64133,99,6),(182315,64134,88,4),(182316,64134,90,5),(182317,64134,99,6),(182318,64135,91,4),(182319,64135,98,5),(182320,64135,95,6),(182321,64136,93,4),(182322,64136,97,5),(182323,64136,98,6),(206165,72084,0,1),(206166,72084,0,2),(206167,72084,0,3),(206168,72085,0,1),(206169,72085,0,2),(206170,72085,0,3),(206171,72086,0,1),(206172,72086,0,2),(206173,72086,0,3),(251525,90234,0,1),(251526,90234,0,2),(251527,90234,0,3),(251528,90235,0,1),(251529,90235,0,2),(251530,90235,0,3),(251531,90236,0,1),(251532,90236,0,2),(251533,90236,0,3),(251534,90237,0,1),(251535,90237,0,2),(251536,90237,0,3),(251537,90238,0,1),(251538,90238,0,2),(251539,90238,0,3),(251540,90239,0,1),(251541,90239,0,2),(251542,90239,0,3),(251543,90240,0,1),(251544,90240,0,2),(251545,90240,0,3),(251546,90241,0,1),(251547,90241,0,2),(251548,90241,0,3),(251549,90242,0,1),(251550,90242,0,2),(251551,90242,0,3),(251552,90243,0,1),(251553,90243,0,2),(251554,90243,0,3),(251555,90244,0,1),(251556,90244,0,2),(251557,90244,0,3),(251591,90256,0,1),(251592,90256,0,2),(251593,90256,0,3),(251594,90257,0,1),(251595,90257,0,2),(251596,90257,0,3),(251597,90258,0,1),(251598,90258,0,2),(251599,90258,0,3),(251600,90259,0,1),(251601,90259,0,2),(251602,90259,0,3),(251603,90260,0,1),(251604,90260,0,2),(251605,90260,0,3),(251606,90261,0,1),(251607,90261,0,2),(251608,90261,0,3),(251609,90262,0,1),(251610,90262,0,2),(251611,90262,0,3),(251612,90263,0,1),(251613,90263,0,2),(251614,90263,0,3),(251615,90264,0,1),(251616,90264,0,2),(251617,90264,0,3),(251618,90265,0,1),(251619,90265,0,2),(251620,90265,0,3),(251651,90276,0,1),(251652,90276,0,2),(251653,90276,0,3),(251654,90277,0,1),(251655,90277,0,2),(251656,90277,0,3),(251657,90278,0,1),(251658,90278,0,2),(251659,90278,0,3),(251660,90279,0,1),(251661,90279,0,2),(251662,90279,0,3),(251663,90280,0,1),(251664,90280,0,2),(251665,90280,0,3),(251666,90281,0,1),(251667,90281,0,2),(251668,90281,0,3),(251669,90282,0,1),(251670,90282,0,2),(251671,90282,0,3),(251672,90283,0,1),(251673,90283,0,2),(251674,90283,0,3),(251675,90284,0,1),(251676,90284,0,2),(251677,90284,0,3),(251684,90287,0,1),(251685,90287,0,2),(251686,90287,0,3),(251687,90288,0,1),(251688,90288,0,2),(251689,90288,0,3),(251690,90289,0,1),(251691,90289,0,2),(251692,90289,0,3),(251693,90290,0,1),(251694,90290,0,2),(251695,90290,0,3),(251696,90291,0,1),(251697,90291,0,2),(251698,90291,0,3),(251699,90292,0,1),(251700,90292,0,2),(251701,90292,0,3),(251702,90293,0,1),(251703,90293,0,2),(251704,90293,0,3),(251708,90295,91,4),(251709,90295,90,5),(251710,90295,92,6),(251711,90296,93,4),(251712,90296,92,5),(251713,90296,92,6),(251714,90297,97,4),(251715,90297,96,5),(251716,90297,97,6),(251717,90298,91,4),(251718,90298,92,5),(251719,90298,86,6),(251720,90299,85,4),(251721,90299,92,5),(251722,90299,88,6),(251723,90300,92,4),(251724,90300,91,5),(251725,90300,90,6),(251726,90301,95,4),(251727,90301,95,5),(251728,90301,95,6),(251729,90302,88,4),(251730,90302,90,5),(251731,90302,92,6),(251732,90303,94,4),(251733,90303,93,5),(251734,90303,94,6),(251735,90304,95,4),(251736,90304,91,5),(251737,90304,93,6),(251747,90308,0,9),(251748,90308,0,8),(251749,90308,0,7),(251750,90309,0,9),(251751,90309,0,8),(251752,90309,0,7),(251753,90310,0,9),(251754,90310,0,8),(251755,90310,0,7),(251756,90311,0,9),(251757,90311,0,8),(251758,90311,0,7),(251759,90312,0,9),(251760,90312,0,8),(251761,90312,0,7),(251762,90313,0,9),(251763,90313,0,8),(251764,90313,0,7),(251765,90314,0,9),(251766,90314,0,8),(251767,90314,0,7),(251768,90315,0,9),(251769,90315,0,8),(251770,90315,0,7),(251771,90316,0,9),(251772,90316,0,8),(251773,90316,0,7),(251774,90317,0,9),(251775,90317,0,8),(251776,90317,0,7),(251777,90318,0,9),(251778,90318,0,8),(251779,90318,0,7),(251780,90319,0,9),(251781,90319,0,8),(251782,90319,0,7),(251855,90344,0,9),(251856,90344,0,8),(251857,90344,0,7),(251861,90346,0,9),(251862,90346,0,8),(251863,90346,0,7),(251864,90347,0,9),(251865,90347,0,8),(251866,90347,0,7),(251867,90348,0,9),(251868,90348,0,8),(251869,90348,0,7),(251870,90349,0,9),(251871,90349,0,8),(251872,90349,0,7),(251873,90350,0,9),(251874,90350,0,8),(251875,90350,0,7),(251876,90351,0,9),(251877,90351,0,8),(251878,90351,0,7),(251897,90358,0,1),(251898,90358,0,2),(251899,90358,0,3),(251900,90359,0,1),(251901,90359,0,2),(251902,90359,0,3),(251903,90360,0,1),(251904,90360,0,2),(251905,90360,0,3),(251906,90361,0,1),(251907,90361,0,2),(251908,90361,0,3),(251909,90362,0,1),(251910,90362,0,2),(251911,90362,0,3),(251912,90363,0,1),(251913,90363,0,2),(251914,90363,0,3),(251915,90364,0,1),(251916,90364,0,2),(251917,90364,0,3),(251918,90365,0,1),(251919,90365,0,2),(251920,90365,0,3),(251921,90366,0,1),(251922,90366,0,2),(251923,90366,0,3),(251924,90367,0,1),(251925,90367,0,2),(251926,90367,0,3),(251927,90368,0,1),(251928,90368,0,2),(251929,90368,0,3),(251930,90369,0,1),(251931,90369,0,2),(251932,90369,0,3),(251933,90370,0,1),(251934,90370,0,2),(251935,90370,0,3),(251936,90371,0,1),(251937,90371,0,2),(251938,90371,0,3),(251939,90372,0,1),(251940,90372,0,2),(251941,90372,0,3),(251942,90373,0,1),(251943,90373,0,2),(251944,90373,0,3),(252041,90406,82,4),(252042,90406,80,5),(252043,90406,82,6),(252044,90407,85,4),(252045,90407,80,5),(252046,90407,84,6),(252047,90408,90,4),(252048,90408,95,5),(252049,90408,95,6),(252050,90409,90,4),(252051,90409,84,5),(252052,90409,84,6),(252053,90410,85,4),(252054,90410,80,5),(252055,90410,81,6),(252056,90411,84,4),(252057,90411,84,5),(252058,90411,84,6),(252059,90412,80,4),(252060,90412,88,5),(252061,90412,88,6),(252083,90420,90,4),(252084,90420,90,5),(252085,90420,90,6),(252086,90421,93,4),(252087,90421,89,5),(252088,90421,89,6),(252089,90422,92,4),(252090,90422,90,5),(252091,90422,89,6),(252092,90423,0,1),(252093,90423,0,2),(252094,90423,0,3),(252095,90424,0,1),(252096,90424,0,2),(252097,90424,0,3),(252098,90425,0,1),(252099,90425,0,2),(252100,90425,0,3),(252101,90426,0,1),(252102,90426,0,2),(252103,90426,0,3),(252104,90427,0,1),(252105,90427,0,2),(252106,90427,0,3),(252107,90428,0,1),(252108,90428,0,2),(252109,90428,0,3),(252110,90429,0,1),(252111,90429,0,2),(252112,90429,0,3),(252113,90430,0,1),(252114,90430,0,2),(252115,90430,0,3),(252116,90431,0,1),(252117,90431,0,2),(252118,90431,0,3),(252119,90432,0,1),(252120,90432,0,2),(252121,90432,0,3),(252122,90433,0,1),(252123,90433,0,2),(252124,90433,0,3),(252224,90467,0,1),(252225,90467,0,2),(252226,90467,0,3),(252227,90468,0,1),(252228,90468,0,2),(252229,90468,0,3),(252230,90469,0,1),(252231,90469,0,2),(252232,90469,0,3),(252233,90470,0,1),(252234,90470,0,2),(252235,90470,0,3),(252236,90471,0,1),(252237,90471,0,2),(252238,90471,0,3),(252239,90472,0,1),(252240,90472,0,2),(252241,90472,0,3),(252242,90473,0,1),(252243,90473,0,2),(252244,90473,0,3),(252245,90474,0,1),(252246,90474,0,2),(252247,90474,0,3),(252248,90475,0,1),(252249,90475,0,2),(252250,90475,0,3),(252251,90476,0,1),(252252,90476,0,2),(252253,90476,0,3),(252254,90477,0,1),(252255,90477,0,2),(252256,90477,0,3),(252257,90478,0,1),(252258,90478,0,2),(252259,90478,0,3),(252260,90479,0,1),(252261,90479,0,2),(252262,90479,0,3),(252263,90480,0,1),(252264,90480,0,2),(252265,90480,0,3),(252266,90481,0,1),(252267,90481,0,2),(252268,90481,0,3),(252269,90482,0,1),(252270,90482,0,2),(252271,90482,0,3),(252272,90483,0,1),(252273,90483,0,2),(252274,90483,0,3),(252317,90498,0,1),(252318,90498,0,2),(252319,90498,0,3),(252320,90499,0,1),(252321,90499,0,2),(252322,90499,0,3),(252329,90502,0,1),(252330,90502,0,2),(252331,90502,0,3),(252332,90503,0,1),(252333,90503,0,2),(252334,90503,0,3),(252335,90504,0,1),(252336,90504,0,2),(252337,90504,0,3),(252338,90505,0,1),(252339,90505,0,2),(252340,90505,0,3),(252341,90506,0,1),(252342,90506,0,2),(252343,90506,0,3),(252344,90507,0,1),(252345,90507,0,2),(252346,90507,0,3),(252347,90508,0,1),(252348,90508,0,2),(252349,90508,0,3),(252356,90594,87,4),(252357,90594,87,5),(252358,90594,86,6),(252359,90595,86,4),(252360,90595,86,5),(252361,90595,85,6),(252362,90596,92,4),(252363,90596,93,5),(252364,90596,93,6),(252365,90597,89,4),(252366,90597,88,5),(252367,90597,87,6),(252368,90598,85,4),(252369,90598,86,5),(252370,90598,87,6),(252371,90599,86,4),(252372,90599,87,5),(252373,90599,87,6),(252374,90600,87,4),(252375,90600,87,5),(252376,90600,90,6),(252377,90601,89,4),(252378,90601,90,5),(252379,90601,90,6),(252380,90602,91,4),(252381,90602,92,5),(252382,90602,90,6),(252383,90603,95,4),(252384,90603,95,5),(252385,90603,95,6),(252386,90604,88,4),(252387,90604,93,5),(252388,90604,89,6),(252389,90605,88,4),(252390,90605,90,5),(252391,90605,90,6),(252392,90606,88,4),(252393,90606,93,5),(252394,90606,90,6),(252395,90607,92,4),(252396,90607,94,5),(252397,90607,91,6),(252986,90804,94,4),(252987,90804,92,5),(252988,90804,92,6),(252989,90805,94,4),(252990,90805,88,5),(252991,90805,90,6),(252992,90806,95,4),(252993,90806,91,5),(252994,90806,93,6),(253364,90930,88,4),(253365,90930,88,5),(253366,90930,90,6),(253367,90931,90,4),(253368,90931,92,5),(253369,90931,88,6),(253370,90932,95,4),(253371,90932,95,5),(253372,90932,94,6),(253373,90933,88,4),(253374,90933,90,5),(253375,90933,90,6),(253376,90934,80,4),(253377,90934,90,5),(253378,90934,90,6),(253379,90935,88,4),(253380,90935,93,5),(253381,90935,94,6),(253382,90936,92,4),(253383,90936,92,5),(253384,90936,92,6),(253751,91059,94,4),(253752,91059,92,5),(253753,91059,94,6),(253754,91060,93,4),(253755,91060,93,5),(253756,91060,95,6),(253757,91061,96,4),(253758,91061,94,5),(253759,91061,94,6),(255506,91644,89,4),(255507,91644,87,5),(255508,91644,89,6),(255509,91645,86,4),(255510,91645,88,5),(255511,91645,89,6),(255512,91646,90,4),(255513,91646,93,5),(255514,91646,92,6),(255515,91647,88,4),(255516,91647,89,5),(255517,91647,89,6),(255518,91648,88,4),(255519,91648,88,5),(255520,91648,90,6),(255521,91649,88,4),(255522,91649,90,5),(255523,91649,90,6),(255524,91650,89,4),(255525,91650,90,5),(255526,91650,90,6),(255968,91798,92,4),(255969,91798,92,5),(255970,91798,90,6),(255971,91799,94,4),(255972,91799,92,5),(255973,91799,90,6),(255974,91800,94,4),(255975,91800,92,5),(255976,91800,92,6),(258404,92954,95,4),(258405,92954,90,5),(258406,92954,95,6),(258407,92955,97,4),(258408,92955,88,5),(258409,92955,97,6),(258410,92956,95,4),(258411,92956,85,5),(258412,92956,96,6),(260915,94190,87,4),(260916,94190,86,5),(260917,94190,88,6),(260918,94191,91,4),(260919,94191,92,5),(260920,94191,92,6),(260921,94192,95,4),(260922,94192,95,5),(260923,94192,95,6),(260924,94193,86,4),(260925,94193,85,5),(260926,94193,85,6),(260927,94194,88,4),(260928,94194,85,5),(260929,94194,88,6),(260930,94195,92,4),(260931,94195,92,5),(260932,94195,90,6),(260933,94196,92,4),(260934,94196,89,5),(260935,94196,91,6),(305243,111236,95,4),(305244,111236,95,5),(305245,111236,94,6),(305246,111237,98,4),(305247,111237,96,5),(305248,111237,95,6),(305249,111238,92,4),(305250,111238,92,5),(305251,111238,94,6),(315308,114600,0,1),(315309,114600,0,2),(315310,114600,0,3),(315311,114601,0,1),(315312,114601,0,2),(315313,114601,0,3),(315314,114602,0,1),(315315,114602,0,2),(315316,114602,0,3),(315317,114603,0,1),(315318,114603,0,2),(315319,114603,0,3),(315320,114604,0,1),(315321,114604,0,2),(315322,114604,0,3),(315323,114605,0,1),(315324,114605,0,2),(315325,114605,0,3),(315326,114606,0,1),(315327,114606,0,2),(315328,114606,0,3),(315329,114607,0,1),(315330,114607,0,2),(315331,114607,0,3),(315332,114608,0,1),(315333,114608,0,2),(315334,114608,0,3),(315335,114609,0,1),(315336,114609,0,2),(315337,114609,0,3),(315338,114610,0,1),(315339,114610,0,2),(315340,114610,0,3),(315341,114611,0,1),(315342,114611,0,2),(315343,114611,0,3),(315344,114612,0,1),(315345,114612,0,2),(315346,114612,0,3),(315347,114613,0,1),(315348,114613,0,2),(315349,114613,0,3),(315350,114614,0,1),(315351,114614,0,2),(315352,114614,0,3),(315353,114615,0,1),(315354,114615,0,2),(315355,114615,0,3);
/*!40000 ALTER TABLE `speech_score` ENABLE KEYS */;
UNLOCK TABLES;

--
-- Table structure for table `staff`
--

DROP TABLE IF EXISTS `staff`;
/*!40101 SET @saved_cs_client     = @@character_set_client */;
/*!40101 SET character_set_client = utf8 */;
CREATE TABLE `staff` (
  `idstaff` int(11) NOT NULL AUTO_INCREMENT,
  `chinese_lastname` varchar(45) DEFAULT NULL,
  `chinese_firstname` varchar(45) DEFAULT NULL,
  `english_lastname` varchar(45) DEFAULT NULL,
  `english_firstname` varchar(45) DEFAULT NULL,
  `password` varchar(45) DEFAULT NULL,
  `failed_attempt` int(11) DEFAULT '0',
  PRIMARY KEY (`idstaff`)
) ENGINE=InnoDB AUTO_INCREMENT=102 DEFAULT CHARSET=utf8;
/*!40101 SET character_set_client = @saved_cs_client */;

--
-- Dumping data for table `staff`
--

LOCK TABLES `staff` WRITE;
/*!40000 ALTER TABLE `staff` DISABLE KEYS */;
INSERT INTO `staff` VALUES (1,'林','曉君','Thomsen','Vicky','',0),(2,'傅','霈娣','Fu','Patty','1381',0),(3,'秦','淑芬','Chin','Stephanie','9997',0),(4,'Yang','Sharon','Yang','Sharon','',0),(5,'洪','文君','Hung','Wen-Chun','7670',0),(6,'黃','玫瑛','Huang','Meiying','8393',0),(7,'陳','康妮','Chen','Kang Ni','5334',2),(8,'尹','昌舜','Yin','Teresa','6987',0),(9,'楊','舒媛','Yang','Sharon','4509',0),(10,'楊','維琍','Wei','Weili','6034',0),(11,'陳','翎玥','Kuang','Ling','7233',0),(12,'程','琰','Li','Yan','',0),(13,'許','雅芳','Lu','Avon','',0),(14,'楊','健','Yang','James','',0),(15,'沈','玲裳','Chen','Ling-Shang','',0),(16,'邱','素萱','Yeh','Suhsuan','',0),(17,'劉','怡均','Lai','Julia','2810',0),(18,'張','惠齡','Lu','Huiling','',0),(19,'陸','立美','Tsou','Limei','',0),(20,'黃','勤珍','Burkholder','Jane','',0),(21,'勝田','充','Katsuda','Mitsuru','',0),(22,'陳','淑媛','Chen','Shu-Yuan','',0),(23,'李','君唐','Li','Ari','',0),(24,'王','南鳳','Wang','Nan-Fong','',0),(25,'鄭','伯樂','George','Bernwanger','',0),(26,'張','永宗','Cheng','Dennis','',0),(27,'楊','理鈞','Yang','Jim','',0),(28,'林','憲元','Lin','Joseph','',0),(29,'林','琪英','Lin','Chyi-Ing','',0),(31,'盧','玉萍','Lu','Anita','',0),(32,'盛','暉政','Sheng','Hui-cheng',NULL,0),(33,'侯','珞怡','Hou','Luo-yi','7518',0),(34,'黃','靜慧','Huang','Chin-hui','7320',0),(35,'張','莉莉','Chang','Li-li','9491',6),(36,'何','玉梅','He','Yu-mei','7247',0),(37,'YYYY','ZZZZZ','EEEE','PeDDDD','99999',0),(38,'施','美玲','Si','Mei-ling',NULL,0),(39,'莫','綺薇','Mo','Chi-wei',NULL,0),(40,'林','振國','Lin','Cheng-Kuo',NULL,0),(41,'王','乃雯','Wang','Nai-wen',NULL,0),(42,'張','素珠','Chang','Su-chu',NULL,0),(43,'徐','萬泰','Hsu','Wain-tai',NULL,0),(44,'高','淑芬','Kau','Shu-fan',NULL,0),(45,'魏','仲玉','Wei','Chung-yu',NULL,0),(46,'王','兆岳','Wang','Chao-yueh',NULL,0),(47,'張','文中','Chang','Wen-chung',NULL,0),(48,'包','文嫻','Bauo','Wen-shien',NULL,0),(49,'黃','妃','Huang','Fei',NULL,0),(50,'邱','淑貞','Chiu','Shu-cheng',NULL,0),(51,'王','棋洲','Wang','Chi-zhou',NULL,0),(52,'周','文琪','Zhuo','Wen-chi',NULL,0),(53,'林','於鵬','Lin','Yu-pong',NULL,0),(54,'楊','文賢','Yang','Wen-shien',NULL,0),(55,'Yang','Fangyi','Yang','Fangyi',NULL,0),(56,'Kuang','Hank','Kuang','Hank',NULL,0),(57,'Fang','Brandon','Fang','Brandon',NULL,0),(58,'Chang','Vivian','Chang','Vivian',NULL,0),(59,'仲','芳琦','Chung','Fang-Chi','5363',0),(61,'馬','文豪','Ma','Matthew','5410',0),(62,'Wei','Jesse','Wei','Jesse',NULL,0),(63,'Chen','Chenum','Chen','Chenum',NULL,0),(64,'鄭','淑儀','Cheng','Shui','8574',0),(65,'Yuan','Shu','Yuan','Shu',NULL,0),(66,'Shui','Shalley','Shui','Shalley',NULL,0),(67,'Rice','Lilian','Rice','Lilian',NULL,0),(68,'Lin','J','Lin','J',NULL,0),(69,'Lien','Tengko','Lien','Tengko',NULL,0),(70,'Lu','Huiling','Lu','Huiling',NULL,0),(71,'陳','臻','Chen','Claire','3222',0),(72,'馮','玫華','Feng','Jennifer','7315',0),(73,'洪','宣淇','Hong','Shien-chi','1591',0),(75,'Ong','Gregg','Ong','Gregg','6894',0),(78,'楊','芳宜','楊','芳宜','6309',0),(79,'林','麗文','林','麗文','9452',0),(81,'G','regg Ong','G','regg Ong',NULL,0),(101,'XXX','YYYY','XXX','YYYY','99999999',0);
/*!40000 ALTER TABLE `staff` ENABLE KEYS */;
UNLOCK TABLES;

--
-- Table structure for table `student`
--

DROP TABLE IF EXISTS `student`;
/*!40101 SET @saved_cs_client     = @@character_set_client */;
/*!40101 SET character_set_client = utf8 */;
CREATE TABLE `student` (
  `idstudent` int(11) NOT NULL AUTO_INCREMENT,
  `chinese_lastname` varchar(45) DEFAULT NULL,
  `chinese_firstname` varchar(45) DEFAULT NULL,
  `english_lastname` varchar(45) DEFAULT NULL,
  `english_firstname` varchar(45) DEFAULT NULL,
  `idgrad_year` int(11) DEFAULT NULL,
  PRIMARY KEY (`idstudent`),
  KEY `st_ch_lastname` (`chinese_lastname`),
  KEY `st_ch_firstname` (`chinese_firstname`),
  KEY `st_en_last_name` (`english_lastname`),
  KEY `st_en_firstname` (`english_firstname`),
  KEY `fkstudentgradyear_idx` (`idgrad_year`),
  CONSTRAINT `fkstudentgradyear` FOREIGN KEY (`idgrad_year`) REFERENCES `grad_year` (`idgrad_year`) ON DELETE NO ACTION ON UPDATE NO ACTION
) ENGINE=InnoDB AUTO_INCREMENT=220 DEFAULT CHARSET=utf8;
/*!40101 SET character_set_client = @saved_cs_client */;

--
-- Dumping data for table `student`
--

LOCK TABLES `student` WRITE;
/*!40000 ALTER TABLE `student` DISABLE KEYS */;
INSERT INTO `student` VALUES (7,'連','頡','Lien','Jeremy',6),(8,'陳','世芊','Chen','Evelyn',7),(9,'馮','一恩','Smith','Ian',6),(10,'程','愷昇','Chin','Kaisen',6),(11,'馬','明浩','Ma','Sebastian',6),(12,'鄭','羽然','Cheng','Daniel',6),(13,'陳','長恩','Chen','Ryan',6),(14,'Gable','Tsen','Gable','Tsen',6),(15,'黃','翰文','Burkholder','Alex',10),(16,'黃','靖萍','Burkholder','Jennifer',10),(17,'Nagy','Samantha','Nagy','Samantha',10),(18,'張','世杰','Chang','Alexandria',10),(19,'曼','蒂','Tocco','Madison',10),(20,'Che','Carson','Che','Carson',10),(21,'Boland','Liam','Boland','Liam',10),(22,'王','俊翰','Ong','Adam',11),(23,'王','俊凱','Ong','Evan',11),(24,'傅','史迪夫','Freeman','Stephen',11),(25,'傅','馬修','Freeman','Matthew',11),(26,'翁','瑞陽','Ong','Zachary Tan',11),(27,'勝田','增怡','Katsuda','Maya',11),(28,'關','慧妍','Guan','Joanne',11),(29,'關','嘉豪','Guan','David',11),(30,'連','欣','Lien','Joanne',9),(31,'李','奕同','Li','YiTong',9),(32,'翁','佳露','Ong','Francine',9),(33,'盧','品絜','Lu','Jennie',8),(34,'翁','佳妮','Ong','Sophie',7),(35,'馬','明玄','Ma','Ming-Hsuan',8),(36,'程','愷仁','Chin','Kairen',8),(37,'陳','長文','Chen','Kevin',8),(38,'翁','美津','Ong','Carrie',8),(39,'周','艾莉','Chou','Eloise',8),(40,'賴','恩齊','Lai','Branden',8),(41,'杰','杰','Setyabudi','Jayden',8),(42,'諾','亞','Verdejo','Noah',8),(43,'林','子凡','Thomsen','Jovana',8),(44,'孫','憲威','Soon','Riley',7),(45,'楊','翌庭','Yang','Bernard',7),(46,'廖','晨昕','Liao','Olivia',7),(47,'陳','俞安','Chen','Julia',7),(48,'吳','瑜譞','Ng','Reina',7),(49,'李','威儒','Li','Will',7),(50,'嚴','澤慶','Yim','Henry',7),(51,'黃','麗雯','Burkholder','Elizabeth',7),(52,'林','楷晞','Thomsen','Kelsie',5),(53,'鄭','詩月','Bernwanger','April',5),(54,'冼','宇恩','Sin','Ian',5),(55,'王','撒冷','Wang','Salem',5),(56,'盛','嘉聆','Sheng','Kaitlyn',5),(57,'鄭','羽翔','Cheng','Ian',4),(58,'葉','易凡','Yeh','Ivan',4),(59,'衛','凱蒂','Wale','Katie',4),(60,'張','翊威','Teo','Charlson',4),(61,'白','凱登','Bryer','Kaeden',4),(62,'馬','汀','Miller','Martin',4),(63,'盛','嘉詰','Sheng','Jaden',4),(64,'張','瀚婕','Chang','Megan',4),(65,'方','鈞右','Fang','Benjamin',4),(66,'馮','子豪','Fung','Caiden',3),(67,'賴','韋喬','Lai','Celeste',3),(68,'楊','咏霖','Yang','Jeffrey',3),(69,'楊','浩然','Yeung','Brian',3),(70,'鄭','喬亞','Bernwange','Georgia',3),(71,'呂','至宸','Lu','Devin',3),(72,'陳','穎柏','Chen','Albert',3),(73,'冼','安兒','Sin','Anne',2),(74,'呂','至軒','Li','Travis',2),(75,'王','禧年','Wang','Jubilee',2),(76,'盛','嘉湑','Sheng','Joshua',2),(77,'陳','穎貞','Chen','Claudia',2),(78,'魏','郁安','Wei','Amber',2),(79,'邵','小寧','Shaw','Greta',2),(80,'林','亞萍','Lin','Tia',2),(81,'羅','宣浩','Lwo','Timon',2),(82,'楊','芷怜','Yang','May',2),(83,'楊','心妤','Yang','Margaret',1),(84,'王','德軒','Wang','Dawson',1),(85,'張','瀚恩','Chang','Max',1),(86,'田','瑾','Tyan','Jean',1),(87,'鄒','佩璇','Tsou','Tiffany',1),(88,'鄺','季耘','Kuang','Nicole',1),(89,'黃','曉玲','Huang','Cathleen',1),(90,'陳','楷文','Chen','Kevin',1),(92,'邵','小萌',NULL,NULL,9),(93,'趙','華獻','Weaver','Cain',9),(95,'西','從珊','Toton','Zoey',9),(97,'李','威儒',NULL,NULL,9),(98,'孫','憲威',NULL,NULL,9),(100,'單','開熙',NULL,NULL,4),(101,'何','提恩','Shillair','Titus',NULL),(103,'Chang','Braxton','Chang','Braxton',10),(104,'Fulton','Braden','Fulton','Braden',11),(105,'林','韶君','Lin','Felicia',33),(106,'林','建豪','Lim','Jian Hao',33),(107,'黃','詠惠','Huang','Catherine',33),(108,'林','姵均','Malinowski','Ann',33),(109,'尤','祥宇','Yu','Jason',33),(110,'石','雲開','Shih','Nolan',36),(111,'林','天涵','Lin','Pelon',34),(112,'鄭','宗彧','Cheng','Tzong-yu',33),(113,'蕭','家恩','Hsiao','Elise',36),(114,'林','天洵','Lin','Ethan',34),(115,'吳','宇晴','Wu','Audrey',33),(116,'易','樂人','Yee','Tyler',36),(117,'泰','陽','Suchan','Taiyang',33),(118,'黃','泓議','Huang','Daniel',33),(119,'鐘','曼均','Jung','Bridgit',33),(120,'丘','宸宇','Chiu','Edison',36),(121,'周','思婷','Tedjo','Jasmine',36),(122,'陳','凱琳','Chan','Kaylee',36),(123,'甄','子健','Jean','Zechariah',36),(124,'甄','子莊','Jean','Jeremiah',36),(125,'徐','偉恩','Hsu','Aaron',33),(126,'林','韶安','Lin','Selina',33),(127,'唐','啟軒','Tang','Qi-xuan',33),(128,'阮','允頎','ROan','Vallan',33),(129,'江','睿安','Chiang','Eric',33),(130,'李','紹銘','Lee','Curtis',33),(131,'Benjamin','Hellen','Benjamin','Hellen',33),(132,'路','易','Piguet','Pierre-Louis',33),(133,'葉','世卿','Yeh','Caroline',33),(134,'Benjamin','Henry','Benjamin','Henry',33),(135,'孫','立恩','Sun','Jaden',34),(136,'何','賀德','He','Denny',34),(137,'雷','炯枝','Lei','Jiong',34),(138,'周','桂絲','Joshua','Geneva',34),(139,'範','蟬','Fan','Chan',34),(140,'溥','美歡','Preece','Madelynn',34),(141,'奉','凱歌','Miller','Allison',34),(142,'辛','凱兒','Simmons','Kai',34),(143,'余','子珊','Yu','Adona',34),(144,'姚','迦美','Adiwidjaja','Ashley',34),(145,'柏','利濤','Brancato','Leo',34),(146,'劉','竹河','Luu','Serena',34),(147,'Walker','Demia Taylor','Walker','Demia Taylor',35),(148,'Washington','Kane\'t','Washington','Kane\'t',35),(149,'Gibson','Tionne','Gibson','Tionne',35),(150,'Toliver','Celise','Toliver','Celise',35),(151,'Green','Tayla','Green','Tayla',35),(152,'Liggins','Nevaeh','Liggins','Nevaeh',35),(153,'Reed','Indiah','Reed','Indiah',35),(154,'Black','Ra\'Shawn','Black','Ra\'Shawn',35),(155,'Simon','Toreze','Simon','Toreze',35),(156,'Lyons','Khalil','Lyons','Khalil',35),(157,'李','采容','','',36),(158,'王','嫣翎','','',36),(159,'魏','于珊','','',36),(160,'石','蜜雅','','',36),(161,'張','艾寧','','',36),(162,'顏','穎祺','','',36),(163,'張','雅婷','','',36),(164,'徐','聞','','',33),(165,'鐘','曼希','','',33),(166,'楊','舜如','','',33),(167,'林','建耀','','',33),(168,'林','慧禎','','',33),(169,'黃','馨儀','','',33),(170,'黃','維綾','','',33),(171,'鮑','珈儀','','',33),(172,'王','穎浩','','',33),(173,'波','丹樂','Peruski','Donald',34),(174,'柯','家安','Klaas','James',33),(188,'Chang','Alexandria','Chang','Alexandria',NULL),(190,'Tocco','Madison','Tocco','Madison',NULL),(193,'高','婞芸','Kao','Tiffany',NULL),(194,'何','大衛','Dolezal','David',NULL),(195,'賴','珍妮','Lai','Jennifer',NULL),(196,'Vargo','Madelene','Vargo','Madelene',NULL),(197,'Chou','Eloise','Chou','Eloise',NULL),(198,'Kasten','Buddy','Kasten','Buddy',NULL),(199,'余','嘉樂','Gee','Jaclyn',NULL),(204,'張','翰婕','張','翰婕',NULL),(208,'方','景弘','方','景弘',NULL),(209,'森川','吉森','森川','吉森',NULL),(210,'薛','泰榮','薛','泰榮',NULL),(212,'陳','潔琳','陳','潔琳',NULL),(213,'DePena','Juan Cristobal','DePena','Juan Cristobal',NULL),(214,'余','嘉禾','余','嘉禾',NULL),(215,'何','安娜','Dolezal','Diana',NULL),(216,'Kahl','Sarah','Kahl','Sarah',NULL),(217,'Johnson','Zoya','Johnson','Zoya',NULL),(219,'金','星','DePena','Venus',NULL);
/*!40000 ALTER TABLE `student` ENABLE KEYS */;
UNLOCK TABLES;

--
-- Table structure for table `time_limit_rule`
--

DROP TABLE IF EXISTS `time_limit_rule`;
/*!40101 SET @saved_cs_client     = @@character_set_client */;
/*!40101 SET character_set_client = utf8 */;
CREATE TABLE `time_limit_rule` (
  `idtime_limit_rule` int(11) NOT NULL AUTO_INCREMENT,
  `max_limit` int(11) DEFAULT NULL,
  `min_limit` int(11) DEFAULT NULL,
  `name` varchar(45) DEFAULT NULL,
  PRIMARY KEY (`idtime_limit_rule`)
) ENGINE=InnoDB AUTO_INCREMENT=5 DEFAULT CHARSET=utf8;
/*!40101 SET character_set_client = @saved_cs_client */;

--
-- Dumping data for table `time_limit_rule`
--

LOCK TABLES `time_limit_rule` WRITE;
/*!40000 ALTER TABLE `time_limit_rule` DISABLE KEYS */;
INSERT INTO `time_limit_rule` VALUES (1,120,45,'45秒至2分鐘'),(2,180,90,'1分30秒至3分鐘'),(3,120,30,'30秒至2分鐘'),(4,180,45,'45秒至3分鐘');
/*!40000 ALTER TABLE `time_limit_rule` ENABLE KEYS */;
UNLOCK TABLES;

--
-- Table structure for table `time_score`
--

DROP TABLE IF EXISTS `time_score`;
/*!40101 SET @saved_cs_client     = @@character_set_client */;
/*!40101 SET character_set_client = utf8 */;
CREATE TABLE `time_score` (
  `idtime_score` int(11) NOT NULL AUTO_INCREMENT,
  `idcontestor_score` int(11) DEFAULT NULL,
  `minute` int(11) DEFAULT '0',
  `second` int(11) DEFAULT '0',
  PRIMARY KEY (`idtime_score`),
  UNIQUE KEY `uktimescorecontestorscore` (`idcontestor_score`),
  KEY `fktimescorecontestorscore_idx` (`idcontestor_score`),
  CONSTRAINT `fktimescorecontestorscore` FOREIGN KEY (`idcontestor_score`) REFERENCES `contestor_score` (`idcontestor_score`) ON DELETE NO ACTION ON UPDATE NO ACTION
) ENGINE=InnoDB AUTO_INCREMENT=6163 DEFAULT CHARSET=utf8;
/*!40101 SET character_set_client = @saved_cs_client */;

--
-- Dumping data for table `time_score`
--

LOCK TABLES `time_score` WRITE;
/*!40000 ALTER TABLE `time_score` DISABLE KEYS */;
INSERT INTO `time_score` VALUES (1,7546,2,0),(2,7547,0,14),(3,7548,0,2),(4,7549,0,7),(5,7550,0,1),(6,7551,0,1),(7,7552,0,1),(8,7553,0,0),(30,9530,0,0),(31,9531,0,0),(32,9532,0,0),(33,9533,0,0),(34,9534,0,0),(35,9535,0,0),(36,9536,0,0),(37,9537,0,0),(38,9538,0,0),(39,9539,0,0),(40,9540,0,0),(41,9541,0,48),(42,9542,0,0),(43,9543,0,0),(44,9544,0,0),(45,9545,0,0),(46,9546,0,0),(47,9547,0,0),(48,9548,0,0),(49,9549,0,0),(50,9550,0,0),(51,9551,0,0),(52,9552,0,0),(53,9553,0,0),(54,9554,0,0),(55,9555,0,0),(56,9556,0,0),(57,9557,0,0),(59,9571,2,3),(60,9572,0,6),(61,9573,0,4),(62,9574,1,27),(63,9575,0,25),(64,9576,0,0),(69,11007,0,0),(70,11008,0,0),(71,11009,0,0),(72,11010,0,0),(73,11011,0,0),(74,11012,0,0),(3059,90511,0,0),(3060,90512,0,0),(3061,90513,0,0),(3062,90514,0,0),(3063,90515,0,0),(3064,90516,0,0),(3065,90517,0,0),(3066,90518,0,0),(3067,90519,0,0),(3068,90520,0,0),(3069,90521,0,0),(3103,90555,0,0),(3104,90556,0,0),(3105,90557,0,0),(3106,90558,0,0),(3107,90559,0,0),(3108,90560,0,0),(3109,90561,0,0),(3110,90562,0,0),(3111,90563,0,0),(3112,90564,0,0),(3123,90575,0,0),(3124,90576,0,0),(3125,90577,0,0),(3126,90578,0,0),(3127,90579,0,0),(3128,90580,0,0),(3129,90581,0,0),(3130,90582,0,0),(3131,90583,0,0),(3134,90586,0,0),(3135,90587,0,0),(3136,90588,0,0),(3137,90589,0,0),(3138,90590,0,0),(3139,90591,0,0),(3140,90592,0,0),(3141,91938,1,43),(3142,91939,2,15),(3143,91940,2,19),(3144,91941,2,1),(3145,91942,2,38),(3146,91943,2,19),(3147,91944,2,26),(3407,92539,2,48),(3408,92540,2,46),(3409,92541,2,13);
/*!40000 ALTER TABLE `time_score` ENABLE KEYS */;
UNLOCK TABLES;

--
-- Dumping events for database 'speech'
--

--
-- Dumping routines for database 'speech'
--
/*!40103 SET TIME_ZONE=@OLD_TIME_ZONE */;

/*!40101 SET SQL_MODE=@OLD_SQL_MODE */;
/*!40014 SET FOREIGN_KEY_CHECKS=@OLD_FOREIGN_KEY_CHECKS */;
/*!40014 SET UNIQUE_CHECKS=@OLD_UNIQUE_CHECKS */;
/*!40101 SET CHARACTER_SET_CLIENT=@OLD_CHARACTER_SET_CLIENT */;
/*!40101 SET CHARACTER_SET_RESULTS=@OLD_CHARACTER_SET_RESULTS */;
/*!40101 SET COLLATION_CONNECTION=@OLD_COLLATION_CONNECTION */;
/*!40111 SET SQL_NOTES=@OLD_SQL_NOTES */;

-- Dump completed on 2015-04-16  9:13:43
